est_rssi,est_num_bs,obs_rssi,obs_num_bs,innov_rssi,innov_num_bs,nis,is_anomaly,quality_label
-82.30000305175781,10.0,-82.3,10.0,0.0,0.0,0.0,0,1
-81.59707864590129,10.0,-81.0,10.0,1.3000030517578125,0.0,0.9702550772638767,0,1
-80.7593990271448,10.0,-79.7,10.0,1.8970816976591038,0.0,2.5122153679351755,0,1
-79.83568779877386,10.0,-78.5,10.0,2.259399027144795,0.0,3.7723146413985402,0,1
-79.14633161499617,10.0,-78.1,10.0,1.7356893246527676,0.0,2.2701365783090894,0,1
-78.81381206773132,10.0,-78.3,10.0,0.8463285632383588,0.0,0.543564057834723,0,1
-78.45622069777035,10.0,-77.9,10.0,0.9138105418524134,0.0,0.6353486785685301,0,1
-78.12166565548863,10.0,-77.6,10.0,0.8562222236492545,0.0,0.5583287925441874,0,1
-78.07415319208411,10.0,-78.0,10.0,0.12166565548862707,0.0,0.011277370901860099,0,1
-77.9280691505791,10.0,-77.7,10.0,0.3741562438419237,0.0,0.10666829818892372,0,1
-77.8390284081056,10.0,-77.7,10.0,0.22807220233691794,0.0,0.03963651405645992,0,1
-78.17514604439066,10.0,-78.7,10.0,-0.8609685401365823,0.0,0.5648501455980258,0,1
-78.45812284891345,10.0,-78.9,10.0,-0.7248554814882482,0.0,0.40037272643898303,0,1
-78.43543291713884,10.0,-78.4,10.0,0.058121323034541206,0.0,0.0025741491712276744,0,1
-78.14832714188131,10.0,-77.7,10.0,0.7354359688966525,0.0,0.41214768793076473,0,1
-78.0513837196223,10.0,-77.9,10.0,0.2483256160024041,0.0,0.04699009564140095,0,1
-78.38267413985946,10.0,-78.9,10.0,-0.8486178062566125,0.0,0.5487665393003693,0,1
-77.88193266915044,10.0,-77.1,10.0,1.2826756657383669,0.0,1.2537099552160904,0,1
-77.45956010284435,10.0,-76.8,10.0,1.0819296173926318,0.0,0.8919928849133414,0,1
-77.1630356058793,10.0,-76.7,10.0,0.7595631546021622,0.0,0.4396338793719915,0,1
-77.13842665322102,10.0,-77.1,10.0,0.06303713175820747,0.0,0.0030280027364376536,0,1
-77.86516292781566,10.0,-79.0,10.0,-1.8615733467789823,0.0,2.6407280581438326,0,1
-78.38626638278743,10.0,-79.2,10.0,-1.334834020426527,0.0,1.3577440527874147,0,1
-78.15739609435663,10.0,-77.8,10.0,0.5862633310296133,0.0,0.26190804455098265,0,1
-77.97883286355102,10.0,-77.7,10.0,0.4573991461144402,0.0,0.15942413696036908,0,1
-78.49460211945774,10.0,-79.3,10.0,-1.3211701882067928,0.0,1.3300896266360216,0,1
-78.45767116370841,10.0,-78.4,10.0,0.0946005935788321,0.0,0.006819477462684598,0,1
-79.68439867629638,10.0,-81.6,10.0,-3.142327310412682,0.0,7.524301950656992,1,1
-79.18298518054645,10.0,-78.4,10.0,1.284397150417476,0.0,1.2570774685980708,0,1
-79.34578225093654,10.0,-79.6,10.0,-0.4170132935746409,0.0,0.13251443063786994,0,1
-78.97656061305797,10.0,-78.4,10.0,0.9457807250576309,0.0,0.6816230893884703,0,1
-78.63436109464331,10.0,-78.1,10.0,0.8765621389368761,0.0,0.585502552016079,0,1
-79.47980216706057,10.0,-80.8,10.0,-2.1656419571145022,0.0,3.5738530346500514,0,1
-79.68288126437147,10.0,-80.0,10.0,-0.5201978329394308,0.0,0.20620559882306244,0,1
-80.07995122864655,10.0,-80.7,10.0,-1.0171156838707134,0.0,0.7883227826470351,0,1
-80.43912741535362,10.0,-81.0,10.0,-0.92004877135345,0.0,0.645037665487167,0,1
-80.619047231264,10.0,-80.9,10.0,-0.4608741105252818,0.0,0.16185570078612582,0,1
-79.51852563927895,10.0,-77.8,10.0,2.819044179506193,0.0,6.0557388721267,1,1
-79.12090524504546,10.0,-78.5,10.0,1.0185256392789483,0.0,0.7905098895519739,0,1
-79.26889936527554,10.0,-79.5,10.0,-0.3790947549545365,0.0,0.10951129811338081,0,1
-78.7735360220212,10.0,-78.0,10.0,1.2688993652755443,0.0,1.226924209200592,0,1
-78.47155668427216,10.0,-78.0,10.0,0.7735360220212044,0.0,0.45595760213674763,0,1
-78.24842829295606,10.0,-77.9,10.0,0.5715551583932523,0.0,0.2489313950565419,0,1
-78.15144481804435,10.0,-78.0,10.0,0.2484282929560635,0.0,0.047028972029750704,0,1
-68.59512398825986,6.096117967977924,-53.672424,0.0,24.479020501638104,-10.0,532.8178136085896,1,1
-71.79821198335024,7.620147459972405,-76.8,10.0,-8.204879063497955,3.903882032022076,62.91219298380527,1,1
-73.78989043597382,8.549213816959988,-76.9,10.0,-5.101789542528664,2.3798525400275947,24.149736771656134,1,1
-75.16019699308713,9.115583628187567,-77.3,10.0,-3.5101126157839957,1.4507861830400124,10.992574117688552,1,1
-76.38594023873497,9.460849346462037,-78.3,10.0,-3.139806058670686,0.8844163718124332,8.108274602334614,1,1
-76.97701190416112,9.671327401352018,-77.9,10.0,-1.5140612871439316,0.5391506535379627,1.96833362629951,0,1
-76.9859861855907,9.799637306580005,-77.0,10.0,-0.022988095838883282,0.32867259864798193,0.0827198475339604,0,1
-78.40209002150527,5.973974506430915,-80.61341,0.0,-3.627424764116327,-9.799637306580005,83.20522967268255,1,1
-77.77665416801189,7.545687364911631,-76.8,10.0,1.602086969747461,4.026025493569085,14.307256581743083,1,1
-77.35633989052131,8.503822064620255,-76.7,10.0,1.0766572197697002,2.4543126350883693,5.473430973240805,0,1
-77.10011134860052,9.087912280483943,-76.7,10.0,0.6563429422791245,1.4961779353797446,2.034072229812733,0,1
-77.68564958853862,9.443980566468616,-78.6,10.0,-1.4998871255205728,0.912087719516057,2.3481982735693547,0,1
-77.73029183157472,9.661043994070441,-77.8,10.0,-0.11435346321918871,0.5560194335313842,0.24554730732773264,0,1
-77.91365916810541,9.793368420189879,-78.2,10.0,-0.4697051166674697,0.33895600592955866,0.255666669271001,0,1
-78.06448326266263,9.874034951356785,-78.3,10.0,-0.38634388365240113,0.20663157981012148,0.14627498374753944,0,1
-78.19546563458115,9.923210220362888,-78.4,10.0,-0.3355182632162723,0.12596504864321467,0.09787294417612827,0,1
-77.88492583047304,9.953188044459713,-77.4,10.0,0.795464108702248,0.07678977963711198,0.4866681993654368,0,1
-77.85177297947946,9.971462879671467,-77.8,10.0,0.08492277871522447,0.04681195554028683,0.007165405655094843,0,1
-77.40213320415337,9.982603434801089,-76.7,10.0,1.1517760312372758,0.02853712032853295,1.0115001976194633,0,1
-77.08898926816998,9.989394848630981,-76.6,10.0,0.8021347300322788,0.017396565198911418,0.4905262397248889,0,1
-76.78097835679353,9.99353497461862,-76.3,10.0,0.7889862164121695,0.010605151369018628,0.4744393108507394,0,1
-76.51513184398019,9.996058844260913,-76.1,10.0,0.6809798826724318,0.006465025381379164,0.35340369146492523,0,1
-76.47018632596253,9.997597424968436,-76.4,10.0,0.11513031810127927,0.00394115573908671,0.010112334102345449,0,1
-77.1845251897351,9.998535361918067,-78.3,10.0,-1.8298167257952827,0.002402575031563714,2.5514044601080172,0,1
-77.07345050783377,9.999107139347215,-76.9,10.0,0.28452366385619143,0.0014646380819325344,0.06168955944454782,0,1
-77.16189394838716,9.999455701613165,-77.3,10.0,-0.22655254392404345,0.0008928606527849325,0.03911181836287715,0,1
-78.5093254688543,6.095786157260331,-80.61341,0.0,-3.4515170013198713,-9.999455701613165,85.27103806928118,1,1
-77.33452030621763,7.619945184244656,-75.5,10.0,3.0093254688543,3.9042138427396686,18.516139548477902,1,1
-76.73546287246627,8.549090507290146,-75.8,10.0,1.5345172544598142,2.3800548157553436,6.110904201350313,1,1
-76.29219096619622,9.115508457158173,-75.6,10.0,1.135464398345178,1.4509094927098545,2.5865963841049098,0,1
-75.98292895830986,9.460803521315743,-75.5,10.0,0.7921909661962161,0.8844915428418272,1.0743583542674193,0,1
-75.83343741463605,9.671299465802248,-75.6,10.0,0.38293048418876197,0.5391964786842571,0.33328132137620947,0,1
-75.31287917825368,9.799620276739313,-74.5,10.0,1.3334374146360517,0.32870053419775225,1.4372355399253236,0,1
-75.38592893963694,9.877846156861208,-75.5,10.0,-0.18712082174631917,0.20037972326068676,0.05727777979498609,0,1
-76.05508146536785,9.925533576198406,-77.1,10.0,-1.7140695344841532,0.12215384313879163,2.2501959632755093,0,1
-75.56511365860075,9.954604389585205,-74.8,10.0,1.2550784136100361,0.07446642380159396,1.204567819295657,0,1
-75.50065582978058,9.972326300368303,-75.4,10.0,0.16511213272184477,0.04539561041479523,0.022344389090069392,0,1
-75.07097337373364,9.98312978624348,-74.4,10.0,1.1006543039016776,0.027673699631696635,0.9237186417079817,0,1
-75.12134265515675,9.989715718679525,-75.2,10.0,-0.12902357450855106,0.01687021375652087,0.012902195085667777,0,1
-75.30820424027452,9.993730580785451,-75.6,10.0,-0.4786558189643415,0.010284281320474875,0.17466685555227682,0,1
-75.46115549156575,9.99617808808774,-75.7,10.0,-0.3917927079676673,0.0062694192145489325,0.11700037781773089,0,1
-75.20304937854637,9.997670117411964,-74.8,10.0,0.6611524398079354,0.003821911912259779,0.3331049586473751,0,1
-76.17782825377003,9.998579676089179,-77.7,10.0,-2.49694756969582,0.002329882588036014,4.750973414396554,0,1
-77.35764726017898,9.99913415378869,-79.2,10.0,-3.022168694472157,0.0014203239108212529,6.959865976646567,1,1
-77.33514364122843,9.999472169935373,-77.3,10.0,0.057644208421166354,0.0008658462113100285,0.0025326356039354634,0,1
-77.2823839665848,9.9996782285659,-77.2,10.0,0.1351466929862397,0.0005278300646267553,0.01391812864329848,0,1
-76.50848584318315,9.9998038443379,-75.3,10.0,1.9823809148269902,0.00032177143410017095,2.994591605919644,0,1
-76.27094074387402,9.999880421194375,-75.9,10.0,0.6084843173042458,0.00019615566210084978,0.2821384003489885,0,1
-76.78978920313718,9.999927103349444,-77.6,10.0,-1.3290577302470723,0.00011957880562540879,1.3460186292948868,0,1
-77.14512356928945,9.999955561341874,-77.7,10.0,-0.9102077451050121,7.289665055587591e-05,0.6313125628934947,0,1
-77.32270136606846,9.999972909669772,-77.6,10.0,-0.45487490483164095,4.443865812575609e-05,0.1576693710492406,0,1
-78.0555754152727,9.999983485415115,-79.2,10.0,-1.8772955821737298,2.7090330227963477e-05,2.6855218605443594,0,1
-79.05412423364727,6.096107900492159,-80.61341,0.0,-2.557835534434332,-9.999983485415115,81.18672162617406,1,1
-78.79876244508782,7.620141322714319,-78.4,10.0,0.6541227077683658,3.903892099507841,11.939437575532358,1,1
-78.68212911096569,8.549210075615058,-78.5,10.0,0.29876244508781724,2.3798586772856813,4.3838604112249,0,1
-78.10352219905187,9.115581347419562,-77.2,10.0,1.4821321627235022,1.4507899243849423,3.2778118801995504,0,1
-75.44750858368792,9.460847956078958,-71.3,10.0,6.803519147294054,0.8844186525804378,35.86808678026896,1,1
-77.46421592627615,5.7674445217360155,-80.61341,0.0,-5.165902366019111,-9.460847956078958,88.54168717232767,1,1
-74.70642995946992,7.419784249849153,-70.4,10.0,7.064214400397248,4.2325554782639845,51.67805007907216,1,1
-72.9471716733656,8.427070040424578,-70.2,10.0,4.5064330112277275,2.580215750150847,20.548071905609103,1,1
-71.83566884390706,9.041123341106148,-70.1,10.0,2.8471731992445086,1.572929959575422,8.062499979861407,1,1
-70.84577483138861,9.415457477064255,-69.3,10.0,2.5356657921492456,0.9588766588938515,5.600081006816861,0,1
-70.39847666231825,9.643655982288426,-69.7,10.0,1.1457778831464225,0.5845425229357453,1.260751049201215,0,1
-69.8525278708956,9.782768483084702,-69.0,10.0,1.3984766623182452,0.3563440177115744,1.587061853668178,0,1
-69.83202280112887,9.867573104652156,-69.8,10.0,0.05252481913778695,0.21723151691529807,0.03806140862668531,0,1
-69.62432856710382,9.919271002382647,-69.3,10.0,0.5320197493710594,0.13242689534784446,0.22904783738503703,0,1
-69.45867450885454,9.950786650708801,-69.2,10.0,0.42433161886162907,0.08072899761735286,0.1421725155193605,0,1
-69.39673104381907,9.969998961712156,-69.3,10.0,0.15867145709673025,0.04921334929119858,0.02103052877344958,0,1
-69.51512247533931,9.981711013143547,-69.7,10.0,-0.30326590442311385,0.030001038287844395,0.0707685160307066,0,1
-69.78248939023493,9.988850817860827,-70.2,10.0,-0.6848744729028766,0.018288986856452638,0.3576802199609942,0,1
-69.86740296635853,9.993203327043313,-70.0,10.0,-0.2175106097650712,0.011149182139172709,0.03614629873141245,0,1
-69.95820550870685,9.995856667986628,-70.1,10.0,-0.23259550776256788,0.0067966729566872885,0.04126070957541228,0,1
-70.05259803433673,9.997474175926598,-70.2,10.0,-0.24179143953533355,0.004143332013372358,0.04456282613361151,0,1
-70.26629670845624,9.998460227848218,-70.6,10.0,-0.5474004397843686,0.00252582407340185,0.22834047809416014,0,1
-70.16233761492335,9.999061336731893,-70.0,10.0,0.2662967084562382,0.0015397721517818042,0.054039272300354074,0,1
-70.05992470048619,9.999427779798541,-69.9,10.0,0.26233608904443884,0.0009386632681067653,0.052442696620163376,0,1
-70.03653080433595,9.999651167814825,-70.0,10.0,0.05992470048619225,0.0005722202014588618,0.002736621396469006,0,1
-70.13938726160062,9.999787347784814,-70.3,10.0,-0.26347224742185915,0.00034883218517478554,0.05289734673011254,0,1
-70.35824266986637,9.999870364701007,-70.7,10.0,-0.5606096866415697,0.00021265221518618205,0.23948848309489346,0,1
-70.5307007115989,9.999920972792452,-70.8,10.0,-0.4417603818914415,0.0001296352989932359,0.14870889359697417,0,1
-70.40159786362986,9.99995182408201,-70.2,10.0,0.33070376335670915,7.902720754771053e-05,0.08333773152758753,0,1
-70.20578057060246,9.999970631392072,-69.9,10.0,0.5015963377509536,4.8175917989112804e-05,0.19172206301147243,0,1
-70.24256391572195,9.999982096550152,-70.3,10.0,-0.09422248115535581,2.9368607927793278e-05,0.006765073048147976,0,1
-70.69441390466977,9.999989085845769,-71.4,10.0,-1.1574376101569612,1.790344984797798e-05,1.0208420628050365,0,1
-70.34524645887691,9.999993346602828,-69.8,10.0,0.8944108529119603,1.0914154231045359e-05,0.609589526098299,0,1
-70.67893096660643,9.999995944010596,-71.2,10.0,-0.8547504893652729,6.653397171874076e-06,0.5567267535271815,0,1
-70.6481166526908,9.999997527421012,-70.6,10.0,0.07893249248533607,4.055989403894955e-06,0.004747609722988452,0,1
-70.47317600645161,9.99999849268668,-70.2,10.0,0.44811970444861515,2.4725789877777515e-06,0.15302114853760185,0,1
-70.17133602316366,9.999999081124018,-69.7,10.0,0.773179058209422,1.5073133194931643e-06,0.4555368775580849,0,1
-70.104448460937,9.999999439842362,-70.0,10.0,0.17133602316366137,9.188759815259573e-07,0.022369729903779043,0,1
-69.75136126001254,9.999999658521297,-69.2,10.0,0.9044515126948056,5.60157637607972e-07,0.6233528572835317,0,1
-69.9265033402329,9.999999791830554,-70.2,10.0,-0.4486356882296434,3.414787030919797e-07,0.1533737413196574,0,1
-69.95519556918074,9.99999987309745,-70.0,10.0,-0.07349665976710185,2.0816944612533916e-07,0.004116220010010182,0,1
-70.01172491505886,9.999999922638708,-70.1,10.0,-0.14480290494034875,1.2690255069003342e-07,0.015977834727054475,0,1
-69.92907119726614,9.999999952839643,-69.8,10.0,0.21172186330105092,7.736129248314683e-08,0.03415818532479811,0,1
-69.9567609651207,9.99999997125049,-70.0,10.0,-0.07092880273386015,4.716035739704694e-08,0.003833616219197568,0,1
-69.97364097425542,9.99999998247396,-70.0,10.0,-0.04323903487930636,2.8749509439762733e-08,0.0014246735419434695,0,1
-63.609838293187785,6.096117957293844,-53.672424,0.0,16.301216657849167,-9.99999998247396,278.6913971504399,1,1
-66.33871436631796,7.620147453459264,-70.6,10.0,-6.990160180933309,3.9038820427061562,48.84715263842287,1,1
-67.84611353553134,8.5492138129895,-70.2,10.0,-3.861282581924229,2.379852546540736,15.677082778779777,1,1
-68.64792717766173,9.11558362576711,-69.9,10.0,-2.0538879903475618,1.4507861870105003,4.818399407660638,0,1
-69.13672223273781,9.4608493449865,-69.9,10.0,-1.2520743482171781,0.8844163742328899,1.790645113674547,0,1
-69.4737356891637,9.671327400452514,-70.0,10.0,-0.8632777672621899,0.5391506550135006,0.7893954082244312,0,1
-69.32783308931342,9.799637306031656,-69.1,10.0,0.3737372150426097,0.3286725995474864,0.18875500256399833,0,1
-69.51216267255813,9.877856538118712,-69.8,10.0,-0.47216996244439713,0.20036269396834427,0.20047821763730794,0,1
-69.46837628403694,9.925539904735444,-69.4,10.0,0.11216114667922739,0.12214346188128822,0.020954756358177656,0,1
-69.40264536042014,9.95460824753604,-69.3,10.0,0.16837323227912293,0.07446009526455555,0.025827614363449047,0,1
-69.20641913700292,9.972328652220645,-68.9,10.0,0.5026438345412316,0.04539175246395999,0.1940937174938528,0,1
-69.28199141796782,9.983131219960411,-69.4,10.0,-0.19358238887598134,0.027671347779355315,0.029139325600039033,0,1
-69.64036994746132,9.989716592690279,-70.2,10.0,-0.918005530274371,0.016868780039589026,0.6423926876795789,0,1
-69.81980350212451,9.993731113592718,-70.1,10.0,-0.4596285266597704,0.010283407309721326,0.16106258458571285,0,1
-69.89015008915345,9.996178412893336,-70.0,10.0,-0.1801964978754853,0.0062688864072821815,0.024773157902435956,0,1
-69.89399597383566,9.997670315417288,-69.9,10.0,-0.009851436725455187,0.003821587106664026,8.508301064917528e-05,0,1
-69.97441691977725,9.99857979679556,-70.1,10.0,-0.20600250028543599,0.0023296845827118773,0.03234177851259073,0,1
-63.61031131873157,6.095252195350648,-53.672424,0.0,16.301992603371005,-9.99857979679556,278.6890323273137,1,1
-65.67534397419612,7.619619674765473,-68.9,10.0,-5.289690207147338,3.904747804649352,32.94028040216265,1,1
-66.97325046637509,8.548892072871666,-69.0,10.0,-3.3246560258038755,2.380380325234527,12.740542261611736,1,1
-67.72543135051274,9.115387489195777,-68.9,10.0,-1.9267510595038146,1.4511079271283336,4.433465695891572,0,1
-68.22300791544393,9.46072977781883,-69.0,10.0,-1.2745686494872643,0.8846125108042227,1.8342186714006938,0,1
-68.5263364592361,9.671254510896592,-69.0,10.0,-0.7769920845560705,0.5392702221811696,0.6816443435827435,0,1
-68.86740499480332,9.799592871698502,-69.4,10.0,-0.8736650666428005,0.32874548910340806,0.6639924040364461,0,1
-68.91916852063564,9.877829450425038,-69.0,10.0,-0.1325950051966771,0.20040712830149765,0.04400212428713263,0,1
-68.98976240126197,9.925523391757833,-69.1,10.0,-0.18082995348545694,0.1221705495749621,0.036291040108700816,0,1
-69.07183548830861,9.954598181030088,-69.2,10.0,-0.21023454698021737,0.07447660824216662,0.03790667494295432,0,1
-69.19994763806767,9.972322515559863,-69.4,10.0,-0.3281660375702984,0.045401818969912355,0.0836343747520522,0,1
-69.23900809123882,9.983127478979606,-69.3,10.0,-0.10005541369014281,0.027677484440136624,0.008212331182187204,0,1
-69.10666392731422,9.98971431214425,-68.9,10.0,0.3390065653599095,0.01687252102039416,0.0877918204802102,0,1
-69.26021768998463,9.993729723344954,-69.5,10.0,-0.3933360726857842,0.01028568785575068,0.11797440778676628,0,1
-69.19766999818519,9.996177565381897,-69.1,10.0,0.16021921586353471,0.006270276655046203,0.019591028400372787,0,1
-69.70608426757,9.997669798764317,-70.5,10.0,-1.3023300018148092,0.0038224346181028324,1.2924364803727941,0,1
-69.7037078499153,9.998579481837815,-69.7,10.0,0.0060873193278183635,0.0023302012356829493,3.237442081901228e-05,0,1
-70.05360913624598,9.999134035370767,-70.6,10.0,-0.8962906242057898,0.0014205181621846918,0.6121560885274386,0,1
-70.26691308810788,9.99947209774641,-70.6,10.0,-0.5463893378751123,0.0008659646292326073,0.2274934508303871,0,1
-70.39694569346649,9.999678184558656,-70.6,10.0,-0.3330853860132095,0.0005279022535891187,0.08454260464061168,0,1
-70.35910042975617,9.999803817510564,-70.3,10.0,0.09694264170867939,0.000321815441344242,0.0071613988447138946,0,1
-70.53122361214653,9.999880404840114,-70.8,10.0,-0.4409026220016443,0.0001961824894358699,0.14813197890902785,0,1
-70.36287840533716,9.999927093379695,-70.1,10.0,0.4312251380254395,0.00011959515988557712,0.1417005541775553,0,1
-70.1040973043658,9.999955555264197,-69.7,10.0,0.6628814570949686,7.290662030534634e-05,0.33483829515015606,0,1
-69.86826484315513,9.999972905964748,-69.5,10.0,0.6040973043657942,4.444473580278441e-05,0.2780847503086202,0,1
-69.84161624506417,9.999983483156488,-69.8,10.0,0.06826179139731892,2.709403525180676e-05,0.003550739460453374,0,1
-69.74729151760398,9.99998993113735,-69.6,10.0,0.2416177709430798,1.651684351244853e-05,0.044485771260079285,0,1
-69.65075182637942,9.999993861902547,-69.5,10.0,0.24729151760398338,1.0068862650314259e-05,0.04659955998592745,0,1
-69.59190009174971,9.999996258143383,-69.5,10.0,0.15075182637941964,6.1380974525349075e-06,0.017317633373340528,0,1
-69.32179105382122,9.999997718920065,-68.9,10.0,0.691898565870801,3.7418566165570155e-06,0.3647944618639315,0,1
-69.3913617241145,9.999998609426763,-69.5,10.0,-0.1782089461787848,2.2810799347183774e-06,0.02420039082925661,0,1
-69.19954049920022,9.999999152290151,-68.9,10.0,0.49136019823559707,1.390573237003423e-06,0.1839769116395384,0,1
-69.35587456848758,9.999999483226075,-69.6,10.0,-0.40045797492086876,8.477098489834134e-07,0.12220170610026149,0,1
-69.60733353833255,9.999999684968518,-70.0,10.0,-0.6441254315124212,5.16773924985614e-07,0.3161580675776981,0,1
-73.90397632326344,6.096117775931017,-80.61341,0.0,-11.006077411374477,-9.999999684968518,168.50716590504464,1,1
-72.37991002108066,7.6201473428983455,-70.0,10.0,3.9039763232634357,3.903882224068983,23.22722107219847,1,1
-71.37274477489787,8.54921374559026,-69.8,10.0,2.579906969322849,2.3798526571016545,9.38773106864677,1,1
-70.95395906110119,9.115583584679738,-70.3,10.0,1.0727417231400551,1.4507862544097403,2.480781343552213,0,1
-70.58154469730943,9.460849319939152,-70.0,10.0,0.9539590611011874,0.8844164153202616,1.2895044315132171,0,1
-70.43259295711522,9.671327385183355,-70.2,10.0,0.3815477490672379,0.5391506800608479,0.3324381842791251,0,1
-70.49794609610528,9.799637296723397,-70.6,10.0,-0.16740551700587503,0.3286726148166448,0.10367233087633661,0,1
-74.44690424485795,5.973974500422211,-80.61341,0.0,-10.11546485360175,-9.799637296723397,151.14983145801554,1,1
-69.50970172279492,7.545687361248654,-61.8,10.0,12.6469050077974,4.026025499577789,134.23125030376383,1,1
-66.57800276064849,8.503822062387261,-62.0,10.0,7.509701722794915,2.454312638751346,47.564404550882095,1,1
-64.36137806082688,9.087912279122683,-60.9,10.0,5.678001234769582,1.4961779376127389,26.272932205726434,1,1
-63.049135719377354,9.443980565638775,-61.0,10.0,3.3613780608268797,0.9120877208773166,9.243822936777205,1,1
-62.249177307772165,9.661043993564562,-61.0,10.0,2.049135719377354,0.5560194343612253,3.4352499602039437,0,1
-61.956707324711125,9.793368419881489,-61.5,10.0,0.7491773077721646,0.33895600643543844,0.5152422239591515,0,1
-61.622258295861855,9.874034951168788,-61.1,10.0,0.8567088505900315,0.20663158011851124,0.5918162108407258,0,1
-61.18414189621157,9.923210220248283,-60.5,10.0,1.1222582958618545,0.12596504883121185,0.9718209336578267,0,1
-58.25165596726894,6.049306012367773,-53.672424,0.0,7.511717579805321,-9.923210220248283,118.0330376764043,1,1
-59.32457705598833,7.591610339601282,-61.0,10.0,-2.7483440327310618,3.950693987632227,17.64931150211003,1,1
-60.0567203471878,8.531817251735113,-61.2,10.0,-1.8754237069511248,2.4083896603987176,7.100114182363142,1,1
-60.38592737133126,9.10497847680272,-60.9,10.0,-0.8432811786911074,1.468182748264887,2.1844552733319746,0,1
-60.508537918354804,9.454384321071009,-60.7,10.0,-0.3140733916081899,0.8950215231972791,0.6855889512512423,0,1
-60.77847685583329,9.66738624560705,-61.2,10.0,-0.6914628445846489,0.545615678928991,0.5911842491153636,0,1
-60.747840714934135,9.797234731544854,-60.7,10.0,0.07847609289383684,0.33261375439295016,0.0889960121476649,0,1
-60.80724250051666,9.876391900368873,-60.9,10.0,-0.15216081094477119,0.20276526845514553,0.04897214753312847,0,1
-60.64826042815751,9.924647044285107,-60.4,10.0,0.40724097463775166,0.12360809963112729,0.1380192912299292,0,1
-60.707497469121215,9.95406394927262,-60.8,10.0,-0.15173880890303337,0.07535295571489264,0.02187190660589605,0,1
-60.93880316970118,9.971996841578287,-61.3,10.0,-0.5925017679393321,0.04593605072738072,0.2691195787361806,0,1
-60.72846136408701,9.982928944278527,-60.4,10.0,0.5388016438222749,0.02800315842171308,0.2218159302923971,0,1
-68.4913111035837,6.085711251026321,-80.61341,0.0,-19.88494958562002,-9.982928944278527,377.2507091330086,1,1
-65.2935195821428,7.613803402552772,-60.3,10.0,8.19131186652315,3.9142887489736786,62.80468119078002,1,1
-63.57834196242149,8.545346404717417,-60.9,10.0,4.3935180562639005,2.3861965974472277,19.048033160374054,1,1
-62.37659357486981,9.113226008061416,-60.5,10.0,3.07834196242149,1.4546535952825828,8.833432154386038,1,1
-61.68303180567067,9.459412113420768,-60.6,10.0,1.7765951007487146,0.8867739919385844,3.0043637361925604,0,1
-61.18215192008874,9.670451247135313,-60.4,10.0,1.2830302797917668,0.5405878865792317,1.4770908786977819,0,1
-61.032964020812464,9.799103192633687,-60.8,10.0,0.3821526830281954,0.329548752864687,0.19404176185492958,0,1
-60.98105703132207,9.877530936290482,-60.9,10.0,0.13296249493355816,0.20089680736631266,0.04422623266525917,0,1
-61.22268446906376,9.925341414019897,-61.6,10.0,-0.6189414427990272,0.12246906370951827,0.3033483022516561,0,1
-61.21382901778792,9.954487245254287,-61.2,10.0,0.022683706124304592,0.074658585980103,0.004639492478211066,0,1
-61.1693909163763,9.972254887802249,-61.1,10.0,0.11383054366682899,0.04551275474571348,0.011452169893909523,0,1
-56.74017147402106,9.983086252300772,-49.82371,10.0,11.34567952111263,0.027745112197751,98.0905109349729,1,1
-58.40315827822749,9.989689179874489,-61.0,10.0,-4.259828525978939,0.0169137476992276,13.827843548086236,1,1
-59.45597287662588,9.993714402416828,-61.1,10.0,-2.696840195893607,0.0103108201255111,5.542173905086442,0,1
-59.86354874941427,9.996168225563375,-60.5,10.0,-1.0440271233741214,0.006285597583172375,0.830620566636273,0,1
-60.190089748039235,9.997664105100766,-60.7,10.0,-0.8364520135251823,0.0038317744366249684,0.5331563071928973,0,1
-60.389152992939145,9.998576010913347,-60.7,10.0,-0.5099110149002186,0.0023358948992342476,0.1981350352114637,0,1
-60.93993072317628,9.999131919454264,-61.8,10.0,-1.4108462441214016,0.001423989086653421,1.516782085797392,0,1
-61.74415746662756,9.99947080785875,-63.0,10.0,-2.060069276823718,0.0008680805457359497,3.2339038486380276,0,1
-61.45364717033132,9.99967739822792,-61.0,10.0,0.7441574666275628,0.0005291921412506895,0.4219813746685518,0,1
-61.23751044198281,9.999803338154072,-60.9,10.0,0.5536456444524163,0.00032260177207987795,0.2335755060103066,0,1
-61.02767300417728,9.999880112618742,-60.7,10.0,0.5375096790433602,0.00019666184592814773,0.22015878099554612,0,1
-60.9387918513163,9.999926915238097,-60.8,10.0,0.22767376711673393,0.00011988738125801035,0.03949930762191001,0,1
-61.15788089210337,9.999955446666977,-61.5,10.0,-0.5612081486836971,7.308476190281965e-05,0.24000004303519518,0,1
-68.75309031363781,6.096090807740527,-80.61341,0.0,-19.45553005760366,-9.999955446666977,364.6368263801289,1,1
-65.80445325531531,7.620130902771284,-61.2,10.0,7.55308955069836,3.903909192259473,55.085793564870684,1,1
-63.811735218485666,8.549203723494863,-60.7,10.0,5.104452492375856,2.379869097228716,24.170507402567214,1,1
-62.55791108169467,9.115577475092156,-60.6,10.0,3.211736744364572,1.4507962765051374,9.464270962490358,1,1
-61.83260481064498,9.460845595462489,-60.7,10.0,1.8579103187552164,0.8844225249078441,3.226396308840343,0,1
-61.42948777615677,9.671325114698444,-60.8,10.0,1.0326055735844335,0.539154404537511,1.034024857561845,0,1
-60.910470836358506,9.799635912609011,-60.1,10.0,1.3294893020356753,0.328674885301556,1.4292112232900063,0,1
-61.02349990416971,9.87785568867183,-61.2,10.0,-0.289529926580947,0.2003640873909891,0.09446951768793484,0,1
-61.20951992040658,9.925539386902605,-61.5,10.0,-0.4765000958302892,0.12214431132817083,0.18438590758863843,0,1
-60.93253171354288,9.954607931859032,-60.5,10.0,0.7095199204065779,0.07446061309739527,0.3878372352372508,0,1
-60.685598496581896,9.972328459780217,-60.3,10.0,0.6325324764823321,0.04539206814096808,0.30645015374252016,0,1
-60.61314303298426,9.983131102646455,-60.5,10.0,0.1855984965818962,0.027671540219783353,0.026832456490220383,0,1
-60.725129204598694,9.989716521174309,-60.9,10.0,-0.2868584928946447,0.01686889735354491,0.06292135185022178,0,1
-61.10570756061228,9.993731069995738,-61.7,10.0,-0.9748715583407588,0.010283478825691361,0.724280008341213,0,1
-61.18155673907806,9.996178386316101,-61.3,10.0,-0.19429167644826606,0.00626893000426243,0.028795436155530804,0,1
-61.77433937321644,9.99767029921549,-62.7,10.0,-1.5184440238613917,0.0038216136838986614,1.7569673857006716,0,1
-62.05762872144106,9.998579786918754,-62.5,10.0,-0.7256606267835579,0.0023297007845091144,0.4012684099270646,0,1
-62.26936347466105,9.999134221351706,-62.6,10.0,-0.5423697526800311,0.001420213081246402,0.22415956559333777,0,1
-61.89093511169571,9.999472211122585,-61.3,10.0,0.9693642376005016,0.0008657786482935137,0.7160407006685526,0,1
-61.50408632963597,9.999678253674109,-60.9,10.0,0.9909335858168049,0.000527788877414892,0.748260113173198,0,1
-61.38537491163359,9.99980385964416,-61.2,10.0,0.3040855666965143,0.00032174632589132557,0.07046208270497428,0,1
-61.117812929203645,9.999880430525252,-60.7,10.0,0.6853741486941374,0.00019614035583970235,0.35794710152471526,0,1
-61.267014253058946,9.999927109037657,-61.5,10.0,-0.3821870707963555,0.00011956947474800472,0.11130518609529431,0,1
-62.09970732194831,9.999955564809476,-63.4,10.0,-2.1329872728199604,7.289096234330827e-05,3.466888738930567,0,1
-62.60732683985502,9.999972911783663,-63.4,10.0,-1.3002942039305978,4.4435190524438894e-05,1.2883878763037957,0,1
-62.214077729121534,9.999983486703767,-61.6,10.0,1.007328365733926,2.708821633667924e-05,0.7732243160225228,0,1
-61.935310207503065,9.999989933299812,-61.5,10.0,0.7140777291215343,1.6513296232645303e-05,0.3885566557543094,0,1
-62.038642277844474,9.99999386322081,-62.2,10.0,-0.2646905554363883,1.006670018810496e-05,0.05338758388242773,0,1
-62.02355678842913,9.99999625894701,-62.0,10.0,0.03864227784447394,6.136779189702679e-06,0.0011378599831998982,0,1
-69.28081655224149,6.09611568738789,-80.61341,0.0,-18.5898541612779,-9.99999625894701,339.540513982233,1,1
-66.75078192528625,7.6201460696978165,-62.8,10.0,6.480817315180943,3.90388431261211,43.61871909898149,1,1
-65.01324886878632,8.549212969432197,-62.3,10.0,4.450782688225701,2.3798539303021835,19.410932133060086,1,1
-63.87595028173484,9.115583111524629,-62.1,10.0,2.9132503946652264,1.4507870305678026,8.071116069815462,1,1
-63.41687346203581,9.460849031498215,-62.7,10.0,1.1759495187953846,0.8844168884753714,1.6498004094009204,0,1
-63.05893687862786,9.671327209346357,-62.5,10.0,0.9168734620358094,0.5391509685017848,0.8620983054601414,0,1
-62.684578637910874,9.799637189531088,-62.1,10.0,0.9589384045067675,0.3286727906536431,0.7830377170386245,0,1
-62.378288988871134,9.87785646709859,-61.9,10.0,0.7845771120319682,0.2003628104689117,0.4996580224603372,0,1
-62.26964765484965,9.925539861440742,-62.1,10.0,0.2782905147500401,0.12214353290140956,0.0703832277697854,0,1
-62.43765243145931,9.954608221143078,-62.7,10.0,-0.430353108089804,0.07446013855925848,0.14535287249723758,0,1
-62.18872014663183,9.972328636131184,-61.8,10.0,0.6376531943987658,0.04539177885692247,0.3114064776839069,0,1
-61.80273576296097,9.983131210152086,-61.2,10.0,0.9887193836923771,0.027671363868815746,0.7455032002162579,0,1
-61.45031896617739,9.989716586711008,-60.9,10.0,0.9027342370820648,0.016868789847913845,0.62120482919812,0,1
-61.31355797873862,9.993731109947683,-61.1,10.0,0.3503204920562979,0.010283413288991738,0.09359842041022792,0,1
-61.19114864281914,9.996178410671279,-61.0,10.0,0.313557978738622,0.006268890052316678,0.07495017400540718,0,1
-61.07748824296934,9.997670314062695,-60.9,10.0,0.29114711694023043,0.003821589328721231,0.06460456134872819,0,1
-60.852043645426136,9.998579795969786,-60.5,10.0,0.5774882429693378,0.0023296859373047596,0.2541304685937729,0,1
-60.675571734604375,9.999134226869321,-60.4,10.0,0.4520421195472295,0.001420204030214478,0.15571321351352865,0,1
-61.114534966919386,9.999472214486188,-61.8,10.0,-1.1244275024561716,0.0008657731306787042,0.9634441678003559,0,1
-56.70673064010758,9.999678255724602,-49.82371,10.0,11.290823571655714,0.0005277855138121623,97.14369512956935,1,1
-58.61700467761527,9.999803860894165,-61.6,10.0,-4.893267834013514,0.00032174427539821693,18.24573457076302,1,1
-59.3911420627943,9.99988043128727,-60.6,10.0,-1.9829937965058235,0.00019613910583515803,2.996443484974274,0,1
-59.82402712050654,9.999927109502192,-60.5,10.0,-1.1088579372056984,0.00011956871273000047,0.9369473768469206,0,1
-60.08791895834542,9.999955565092662,-60.5,10.0,-0.6759728794934574,7.28904978082312e-05,0.3481945144384939,0,1
-60.44398463737175,9.999972911956297,-61.0,10.0,-0.9120810416545808,4.443490733763156e-05,0.6339138404069744,0,1
-60.85624057734212,9.999983486809006,-61.5,10.0,-1.0560153626282514,2.7088043703216158e-05,0.849774800763407,0,1
-60.99044049852992,9.999989933363967,-61.2,10.0,-0.3437601855973327,1.651319099416071e-05,0.09004809444184915,0,1
-64.0782398161149,9.99999386325992,-68.9,10.0,-7.909561027348985,1.0066636033201348e-05,47.672523128468484,1,1
-66.11675458322489,9.999996258970853,-69.3,10.0,-5.221763235642911,6.136740079654146e-06,20.777712278656008,1,1
-67.63272778407293,9.999997719424499,-70.0,10.0,-3.883245416775111,3.7410291469086587e-06,11.490873728457974,1,1
-68.8301534818105,9.999998609734272,-70.7,10.0,-3.067269164169261,2.280575500890336e-06,7.169141508015552,1,1
-69.20877131279866,9.999999152477612,-69.8,10.0,-0.9698495699473142,1.3902657283182407e-06,0.7167573097123888,0,1
-70.29843406472165,9.999999483340353,-72.0,10.0,-2.7912286872013397,8.475223882697946e-07,5.936824564642439,0,1
-69.98673482481952,9.999999685038185,-69.5,10.0,0.798434064721647,5.166596466210649e-07,0.48578208077799667,0,1
-69.83575751575738,9.999999807995563,-69.6,10.0,0.3867363506984276,3.149618148512445e-07,0.11397073925829722,0,1
-69.86083761943523,9.99999988295183,-69.9,10.0,-0.06424401012152714,1.920044372383245e-07,0.0031450580024859694,0,1
-69.56381499257014,9.999999928646055,-69.1,10.0,0.7608391453141365,1.1704817026725323e-07,0.44111220434920007,0,1
-69.34370827068221,9.999999956501794,-69.0,10.0,0.5638149925701441,7.135394497481684e-08,0.24223484510124474,0,1
-69.20952861646485,9.99999997348298,-69.0,10.0,0.3437082706822139,4.3498205926084665e-08,0.09002089802946295,0,1
-69.2838869933297,9.999999983834911,-69.4,10.0,-0.19047290941405493,2.6517019691141286e-08,0.027645841049875643,0,1
-69.79768138952964,9.999999990145572,-70.6,10.0,-1.3161114807913918,1.6165088823072438e-08,1.3199234078323467,0,1
-69.95474063761573,9.999999993992624,-70.2,10.0,-0.40231555871254443,9.85442838441486e-09,0.12333803704682805,0,1
-70.3627975619772,9.999999996337833,-71.0,10.0,-1.0452593623842716,6.007375930039416e-09,0.8325522675967569,0,1
-70.65059210146808,9.9999999977675,-71.1,10.0,-0.7372009121438907,3.662167458173826e-09,0.4141284848038441,0,1
-70.59180272155952,9.99999999863904,-70.5,10.0,0.150592101468078,2.232500406762483e-09,0.0172809559501694,0,1
-62.48418486474753,9.999999999170344,-49.82371,10.0,20.768091326295846,1.3609593452201807e-09,328.66733656048297,1,1
-65.92577628653181,9.999999999494232,-71.3,10.0,-8.81581818701028,8.29656343626084e-10,59.222757572495915,1,1
-68.4532374448469,9.999999999691678,-72.4,10.0,-6.474225239347092,5.057678720277181e-10,31.94029953395737,1,1
-70.15016345987002,9.999999999812044,-72.8,10.0,-4.346765606910907,3.0832225661470147e-10,14.397789502310928,1,1
-70.79424137371896,9.99999999988542,-71.8,10.0,-1.6498395918877975,1.879563171769405e-10,2.0741817955400172,0,1
-71.26495531732837,9.99999999993015,-72.0,10.0,-1.205758626281039,1.1458034521183436e-10,1.1078580835416463,0,1
-71.20055811170278,9.999999999957419,-71.1,10.0,0.16495684320727833,6.984990363889665e-11,0.020735000461927534,0,1
-71.62976844637062,9.999999999974042,-72.3,10.0,-1.0994449400550366,4.2581049797263404e-11,0.9211075569284155,0,1
-71.30583782488836,9.999999999984176,-70.8,10.0,0.8297653946128065,2.595790249415586e-11,0.5246552376694298,0,1
-71.38163644756003,9.999999999990354,-71.5,10.0,-0.1941621751116429,1.582378672537743e-11,0.028727155994608497,0,1
-64.46816894355217,6.096117967972044,-53.672424,0.0,17.709212131153777,-9.999999999990354,315.18163924444036,1,1
-67.68177748737273,7.620147459968821,-72.7,10.0,-8.231828004690016,3.9038820320279557,63.24972882696189,1,1
-69.2114047381386,8.549213816957803,-71.6,10.0,-3.9182209867483664,2.3798525400311794,16.014619109871745,1,1
-70.02676888100356,9.115583628186235,-71.3,10.0,-2.088598313619215,1.4507861830421973,4.927967242704256,0,1
-63.642225691880626,5.5569673144391505,-53.672424,0.0,16.354344564597312,-9.115583628186235,267.13070901121466,1,1
-58.24764072470032,7.2914748613239295,-49.82371,10.0,13.818514296616954,4.4430326855608495,160.55031699164016,1,1
-62.874661370206454,8.34885112353969,-70.1,10.0,-11.852357749420776,2.7085251386760705,112.63682306918703,1,1
-65.69534773973393,8.993440166640374,-70.1,10.0,-7.22533710391464,1.6511488764603097,41.85883314861781,1,1
-67.25871554869862,9.386389251401152,-69.7,10.0,-4.004649208508255,1.006559833359626,12.99263944660679,1,1
-67.9775306815412,9.625935649012218,-69.1,10.0,-1.841282925422476,0.6136107485988482,2.870388359059709,0,1
-68.29861419233352,9.771965958876338,-68.8,10.0,-0.8224723702166159,0.3740643509877817,0.6220973615086817,0,1
-69.07993279307308,9.860987758459542,-70.3,10.0,-2.0013888594242957,0.22803404112366188,3.091918183313331,0,1
-69.59527205377657,9.915256497657632,-70.4,10.0,-1.3200687328058223,0.139012241540458,1.3425982483827985,0,1
-69.83134951875864,9.948339361270131,-70.2,10.0,-0.604724894465619,0.08474350234236816,0.2841352266858364,0,1
-70.05334455406565,9.968507065200162,-70.4,10.0,-0.5686520071202636,0.051660638729869035,0.24844265991384726,0,1
-69.99348124481824,9.980801535430235,-69.9,10.0,0.15334302818673962,0.03149293479983761,0.01867384896144401,0,1
-70.23025841617697,9.988296389517867,-70.6,10.0,-0.6065172293028525,0.01919846456976515,0.28059800857216216,0,1
-70.53075645001566,9.992865340984965,-71.0,10.0,-0.7697415838230341,0.011703610482133087,0.45159971829215323,0,1
-70.59682594402736,9.995650627698305,-70.7,10.0,-0.16924049822652876,0.007134659015035183,0.021864679305188484,0,1
-70.94941444091737,9.997348571336222,-71.5,10.0,-0.9031740559726416,0.004349372301694743,0.6216076557587692,0,1
-71.12531832340161,9.998383657808192,-71.4,10.0,-0.45058708496154054,0.0026514286637784323,0.15471623638519746,0,1
-71.03735730366544,9.999014658732213,-70.9,10.0,0.2253167975227086,0.0016163421918076182,0.03868769577596134,0,1
-71.21796755461212,9.999399324339285,-71.5,10.0,-0.4626426963345551,0.0009853412677873763,0.16310105357324464,0,1
-62.86590233371631,9.999633821031178,-49.82371,10.0,21.394256159348444,0.0006006756607153108,348.78496754542965,1,1
-66.00231988169297,9.999776772980868,-70.9,10.0,-8.034099192162593,0.0003661789688216288,49.18557527845598,1,1
-68.53893754806155,9.999863918175773,-72.5,10.0,-6.497680118307031,0.0002232270191324659,32.172145964637565,1,1
-68.9922014411091,9.999917042914621,-69.7,10.0,-1.1610594001806334,0.00013608182422686355,1.027240797814295,0,1
-63.01154117593808,6.096067396360049,-53.672424,0.0,15.319777124702853,-9.999917042914621,255.0416963514992,1,1
-66.87187944438774,7.620116630917566,-72.9,10.0,-9.888460349940829,3.9039326036399506,86.12468808106185,1,1
-68.83479898926242,8.549195023204474,-71.9,10.0,-5.028122081491162,2.3798833690824344,23.581198993327202,1,1
-68.97736796428164,9.1155721712925,-69.2,10.0,-0.36519795897976337,1.450804976795526,1.7055449325717873,0,1
-69.41562967187784,9.460842362203651,-70.1,10.0,-1.1226305098394533,0.8844278287074996,1.5564241453848078,0,1
-69.99511093284525,9.671323143665715,-70.9,10.0,-1.4843718540010684,0.5391576377963485,1.9005034558862821,0,1
-69.95798134235203,9.799634711044206,-69.9,10.0,0.09510940696634407,0.328676856334285,0.08921232406659654,0,1
-70.20861725684838,9.87785495618375,-70.6,10.0,-0.6420171317690659,0.20036528895579409,0.34468384192558627,0,1
-70.40044609166166,9.925538940369231,-70.7,10.0,-0.4913796913938029,0.12214504381624991,0.19536032106811294,0,1
-70.75162251699165,9.954607659647019,-71.3,10.0,-0.8995569600961488,0.0744610596307691,0.6208493607399536,0,1
-70.53627440236716,9.972328293836563,-70.2,10.0,0.5516255687494578,0.04539234035298101,0.2334441567420248,0,1
-70.95153973144211,9.983131001485246,-71.6,10.0,-1.0637240717539385,0.027671706163436838,0.8628099601213727,0,1
-70.77526394701002,9.989716459505242,-70.5,10.0,0.4515397314421108,0.016868998514754097,0.1555826021724142,0,1
-70.39453359845913,9.993731032401548,-69.8,10.0,0.9752608952522053,0.01028354049475766,0.7248585755160898,0,1
-70.66993876369108,9.99617836339824,-71.1,10.0,-0.7054648756619599,0.006268967598451525,0.3792699723272013,0,1
-70.95494665364643,9.997670285244492,-71.4,10.0,-0.7300627621878277,0.003821636601760048,0.40615861583797147,0,1
-70.46502909304454,9.998579778401869,-69.7,10.0,1.2549497054042433,0.0023297147555076947,1.2001002168196095,0,1
-70.20541077170394,9.999134216159712,-69.8,10.0,0.6650260412867226,0.001420221598131377,0.33700990088469374,0,1
-70.00810317728914,9.999472207957483,-69.7,10.0,0.5054138234617511,0.0008657838402879037,0.19465200526103466,0,1
-70.0830162417372,9.999678251744626,-70.2,10.0,-0.19189377095304394,0.0005277920425168503,0.028060048395203156,0,1
-70.28484000652502,9.999803858467924,-70.6,10.0,-0.5169822323838957,0.00032174825537367724,0.2036642390508814,0,1
-70.0174859512116,9.999880429808204,-69.6,10.0,0.6848415324039223,0.00019614153207569984,0.35739098377848993,0,1
-70.63528017157523,9.999927108600536,-71.6,10.0,-1.5825125229094965,0.00011957019179575923,1.9083485044680795,0,1
-70.23111840989797,9.999955564543002,-69.6,10.0,1.0352816974541383,7.289139946387024e-05,0.8167336520590046,0,1
-69.82858075519894,9.999972911621219,-69.2,10.0,1.0311214616557862,4.443545699750473e-05,0.8101828187576088,0,1
-69.70030670457,9.999983486604739,-69.5,10.0,0.32858075519894214,2.7088378780959488e-05,0.08227116088292999,0,1
-69.62210933008356,9.999989933239444,-69.5,10.0,0.20030670456999644,1.6513395260986385e-05,0.030574147090655313,0,1
-69.49636283884782,9.99999386318401,-69.3,10.0,0.322106278325748,1.006676055581579e-05,0.07906090036772118,0,1
-69.57585919292497,9.999996258924577,-69.7,10.0,-0.20363410939437188,6.136815990487321e-06,0.03159835158649637,0,1
-69.4291270065717,9.999997719396289,-69.2,10.0,0.3758622446827786,3.741075422780682e-06,0.10765167257070168,0,1
-69.45679498713174,9.999998609717073,-69.5,10.0,-0.07087299342829567,2.2806037112133026e-06,0.003827585745315511,0,1
-69.746932265346,9.999999152467128,-70.2,10.0,-0.7432019611104437,1.3902829270051598e-06,0.42089820104937625,0,1
-70.04092102516714,9.999999483333962,-70.5,10.0,-0.753067734653996,8.475328723278608e-07,0.4321469545063786,0,1
-69.79071361344275,9.999999685034288,-69.4,10.0,0.6409194992882306,5.166660379529731e-07,0.3130187444092976,0,1
-69.52106657127841,9.999999807993186,-69.1,10.0,0.6907151393216537,3.1496571217815017e-07,0.3635476367399701,0,1
-69.4347659810992,9.999999882950382,-69.3,10.0,0.2210635195205981,1.9200681400377562e-07,0.03723895932642135,0,1
-69.49927079716065,9.999999928645172,-69.6,10.0,-0.16523249302188958,1.1704961799807734e-07,0.020804356475609395,0,1
-69.73378779558307,9.999999956501256,-70.1,10.0,-0.6007276769604459,7.135482782416602e-08,0.27499111274532156,0,1
-69.876752124371,9.999999973482652,-70.1,10.0,-0.3662106785380246,4.3498744162207004e-08,0.10219399652890483,0,1
-70.2371783950183,9.999999983834712,-70.8,10.0,-0.9232509273868175,2.6517348317156575e-08,0.6495354828636457,0,1
-70.45689850148074,9.999999990145449,-70.8,10.0,-0.5628246567395081,1.616528777503845e-08,0.24138462591932083,0,1
-70.473724818043,9.99999999399255,-70.5,10.0,-0.04310149851926326,9.854550953036778e-09,0.0014156246452666286,0,1
-70.5230205637511,9.999999996337788,-70.6,10.0,-0.12627365607809793,6.007450537026671e-09,0.012150352724589393,0,1
-74.46218993613327,6.096117965745396,-80.61341,0.0,-10.090390385955928,-9.999999996337788,153.78675126547935,1,1
-73.42290358175346,7.62014745861143,-71.8,10.0,2.6621868843754584,3.903882034254604,17.013910107627964,1,1
-68.84642061400257,8.54921381613032,-61.7,10.0,11.722902818814006,2.37985254138857,109.03680325393726,1,1
-66.17365877213555,9.115583627681792,-62.0,10.0,6.846420614002568,1.4507861838696794,37.3221531338861,1,1
-64.50527339866733,9.460849346153712,-61.9,10.0,4.273657246256647,0.8844163723182081,14.513590853773227,1,1
-63.644360381149404,9.67132740116406,-62.3,10.0,2.2052741616067806,0.5391506538462885,3.9273611768637973,0,1
-63.119537649653694,9.799637306465423,-62.3,10.0,1.3443611440888574,0.32867259883594,1.4595116564653299,0,1
-62.79959952130626,9.87785653838314,-62.3,10.0,0.8195384125931469,0.20036269353457747,0.5423932710612658,0,1
-62.487445300902166,9.925539904896644,-62.0,10.0,0.7995995213062628,0.12214346161685974,0.4985698037907541,0,1
-62.76561854740882,9.954608247634308,-63.2,10.0,-0.7125554620372867,0.0744600951033565,0.39112661810783345,0,1
-62.81808007691472,9.97232865228055,-62.9,10.0,-0.13438297847008585,0.04539175236569193,0.015331124094623684,0,1
-57.74523183553793,9.98313121999693,-49.82371,10.0,12.994368681651046,0.027671347719449457,128.66952987754433,1,1
-59.75759311287134,9.989716592712542,-62.9,10.0,-5.154769690340977,0.016868780003070682,20.248206388223867,1,1
-60.94531257310496,9.99373111360629,-62.8,10.0,-3.042406124189206,0.010283407287458246,7.053468162978199,1,1
-61.74743830583268,9.996178412901608,-63.0,10.0,-2.0546874268950432,0.006268886393710815,3.217058401889138,0,1
-58.59504810366781,6.093788283400254,-53.672424,0.0,8.07501398942643,-9.996178412901608,125.83106354767345,1,1
-60.080457033432886,7.61872725677104,-62.4,10.0,-3.8049534222110992,3.9062117165997456,22.65939280565495,1,1
-61.06405628935666,8.548348044334585,-62.6,10.0,-2.519541440688208,2.38127274322896,9.158311524620313,1,1
-62.093097916139435,9.115055842981777,-63.7,10.0,-2.6359444735827964,1.4516519556654153,6.90042199349645,1,1
-62.603297668104105,9.460527602374412,-63.4,10.0,-1.3069036097394715,0.8849441570182233,1.8982726172132793,0,1
-62.75816557865907,9.671131262360653,-63.0,10.0,-0.3967023318958951,0.5394723976255875,0.34168985659630097,0,1
-62.891613108513894,9.799517737937055,-63.1,10.0,-0.34183289546202644,0.3288687376393469,0.1714566516764282,0,1
-63.324314275534036,9.877783647997722,-64.0,10.0,-1.1083868914861057,0.20048226206294473,0.966779263091082,0,1
-63.705211663768594,9.92549547005782,-64.3,10.0,-0.9756887762237767,0.12221635200227787,0.7367961916410214,0,1
-64.48395230674845,9.954581159632372,-65.7,10.0,-1.9947852844735934,0.07450452994218004,3.0364148318334916,0,1
-64.99772299241558,9.972312139115019,-65.8,10.0,-1.3160507450093633,0.045418840367627666,1.3213735254214445,0,1
-65.11572956164605,9.98312115337642,-65.3,10.0,-0.30228005934223745,0.02768786088498132,0.0702119258542476,0,1
-64.79727955514637,9.989710455981925,-64.3,10.0,0.8157265098882363,0.0168788466235803,0.5072691277423541,0,1
-64.91545745000023,9.993727372582912,-65.1,10.0,-0.30271891897471903,0.010289544018075247,0.0699107522553407,0,1
-64.90942363955368,9.996176132329627,-64.9,10.0,0.015455924121326348,0.006272627417088117,0.00021201646401036855,0,1
-71.04007502867472,6.093786893136671,-80.61341,0.0,-15.703987310153352,-9.996176132329627,264.0676411455033,1,1
-68.25267456318657,7.618726409249959,-63.9,10.0,7.140073502795815,3.906213106863329,50.475209414036925,1,1
-66.70959823399134,8.548347527675736,-64.3,10.0,3.952671511428761,2.381273590750041,16.226399907729068,1,1
-65.61276482338849,9.115055528020447,-63.9,10.0,2.809596708112437,1.4516524723242643,7.6210074413469275,1,1
-65.06123691106832,9.46052741037027,-64.2,10.0,1.4127678751463009,0.8849444719795532,2.117669297812852,0,1
-64.6079043155494,9.671131145312662,-63.9,10.0,1.1612353851894142,0.5394725896297299,1.249321876658025,0,1
-64.136353315847,9.79951766658322,-63.4,10.0,1.2079027896704986,0.32886885468733773,1.194217220821441,0,1
-63.53657850970461,9.877783604499584,-62.6,10.0,1.5363548417259096,0.20048233341677957,1.8292768756053461,0,1
-63.1709487124581,9.925495443540841,-62.6,10.0,0.9365800355835177,0.1222163955004163,0.6798078410961113,0,1
-62.94805647479584,9.95458114346731,-62.6,10.0,0.5709502383370051,0.07450455645915888,0.25263463775149997,0,1
-62.89025667578528,9.972312129260606,-62.8,10.0,0.14805723773529422,0.045418856532689844,0.018276023114318,0,1
-62.58174919637179,9.983121147369053,-62.1,10.0,0.7902582016641873,0.027687870739393716,0.476468498632668,0,1
-62.745029376088084,9.989710452319763,-63.0,10.0,-0.41825080362821154,0.01687885263094735,0.1335191801395983,0,1
-63.0787992260626,9.993727370350413,-63.6,10.0,-0.8549690980330098,0.010289547680237376,0.5570922419123886,0,1
-57.90416930450956,9.996176130968669,-49.82371,10.0,13.255087830798928,0.006272629649586747,133.88400410730296,1,1
-59.85448326890963,9.99766892432909,-62.9,10.0,-4.995832221369348,0.0038238690313310286,19.018633940829726,1,1
-61.08245589370248,9.998578948771785,-63.0,10.0,-3.1455167310903676,0.0023310756709093994,7.539587976925641,1,1
-61.870080716556046,9.999133710407426,-63.1,10.0,-2.0175425804186133,0.00142105122821512,3.101765846677932,0,1
-62.311187875383254,9.999471899644924,-63.0,10.0,-1.1299192834439538,0.0008662895925741765,0.9728781997028736,0,1
-62.58009200305628,9.999678063793652,-63.0,10.0,-0.6888121246167458,0.000528100355076333,0.3615473619162377,0,1
-62.744019131493374,9.999803743890794,-63.0,10.0,-0.4199079969437207,0.0003219362063475728,0.1343605961655969,0,1
-62.68779516583781,9.999880359960635,-62.6,10.0,0.14402065737228043,0.0001962561092057058,0.015805700920301733,0,1
-62.77063802544234,9.999927066020634,-62.9,10.0,-0.21220636004109394,0.00011964003936526524,0.03431470784455408,0,1
-62.89921645920791,9.999955538585791,-63.1,10.0,-0.3293604486787558,7.293397936614099e-05,0.08266207220147324,0,1
-62.93856116461009,9.999972895797395,-63.0,10.0,-0.10078354079208651,4.4461414208996075e-05,0.007740030722285258,0,1
-69.838614014083,6.096101444936274,-80.61341,0.0,-17.67484978509694,-9.999972895797395,314.2547081518393,1,1
-67.24697771521471,7.620137387331296,-63.2,10.0,6.638613251143553,3.9038985550637264,45.19632129661825,1,1
-65.47189155281413,8.549207676559142,-62.7,10.0,4.5469769522752586,2.3798626126687044,20.07051243135981,1,1
-64.3897780878822,9.115579884926774,-62.7,10.0,2.771890789874675,1.450792323440858,7.458735146990997,1,1
-63.769147178821065,9.460847064526101,-62.8,10.0,1.5897788508216593,0.884420115073226,2.5219607529526393,0,1
-63.31272531671706,9.671326010256951,-62.6,10.0,1.1691487046999711,0.5391529354738989,1.2631115140123128,0,1
-62.76121461439074,9.79963645855204,-61.9,10.0,1.4127237908381503,0.3286739897430486,1.6031381296107703,0,1
-62.464045408827474,9.87785602148514,-62.0,10.0,0.7612146143907381,0.20036354144795965,0.4721391838027259,0,1
-62.08769345386998,9.925539589789526,-61.5,10.0,0.9640454088274737,0.1221439785148597,0.7195725834328367,0,1
-61.93634280086298,9.954608055541293,-61.7,10.0,0.38769269093052827,0.07446041021047378,0.11875997933403115,0,1
-61.76599971885386,9.972328535178383,-61.5,10.0,0.43634280086298105,0.0453919444587072,0.14665390493466768,0,1
-61.70119479119331,9.983131148610067,-61.6,10.0,0.16600124473276878,0.02767146482161742,0.021581875530221208,0,1
-62.169194798333926,9.989716549194268,-62.9,10.0,-1.198806734685597,0.016868851389933326,1.095336870922354,0,1
-61.946987268055175,9.993731087077036,-61.6,10.0,0.5691963242128324,0.010283450805731675,0.24696151513496628,0,1
-61.42113873305774,9.996178396729062,-60.6,10.0,1.3469887939340808,0.006268912922964276,1.3826133554174045,0,1
-61.217692915125376,9.997670305563355,-60.9,10.0,0.5211372071788318,0.0038216032709375014,0.2069621331306856,0,1
-60.859436129055624,9.998579790788487,-60.3,10.0,0.917693678064829,0.002329694436644658,0.6417437596420201,0,1
-60.79719444295065,9.99913422371074,-60.7,10.0,0.15943536611617048,0.0014202092115134235,0.019371674425279404,0,1
-60.798289401483565,9.99947221256068,-60.8,10.0,-0.002804794109898978,0.0008657762892596566,6.5658532574393385e-06,0,1
-60.79895690112223,9.999678254550789,-60.8,10.0,-0.0017098355769817886,0.0005277874393208037,2.440045346557778e-06,0,1
-60.76032559214123,9.999803860178595,-60.7,10.0,0.09895613818277837,0.0003217454492112637,0.007461969051797767,0,1
-60.97100781669687,9.99988043085105,-61.3,10.0,-0.5396736449193185,0.00019613982140498365,0.2219350280339027,0,1
-61.17752012464459,9.999927109236268,-61.5,10.0,-0.5289921833031315,0.00011956914894994952,0.2132366775638327,0,1
-61.225334525270455,9.99995556493055,-61.3,10.0,-0.12247911241595943,7.289076373240277e-05,0.011431088584687523,0,1
-61.293522461796705,9.999972911857473,-61.4,10.0,-0.17466700060845142,4.443506944973308e-05,0.02324797494312039,0,1
-61.3741288569375,9.999983486748762,-61.5,10.0,-0.20647753820329484,2.7088142527276204e-05,0.032486955247115104,0,1
-61.345189527829675,9.999989933327242,-61.3,10.0,0.0741296198769561,1.651325123752656e-05,0.004187424053847643,0,1
-61.28850954677903,9.999993863237533,-61.2,10.0,0.14518876489022148,1.0066672757602646e-05,0.01606310133672627,0,1
-61.253956761688286,9.999996258957205,-61.2,10.0,0.08850878383957905,6.136762467079393e-06,0.005969474816333709,0,1
-61.15481503780175,9.99999771941618,-61.0,10.0,0.2539567616882863,3.741042794658256e-06,0.04914540708664068,0,1
-61.21149323648374,9.9999986097292,-61.3,10.0,-0.1451841992588001,2.280583819569415e-06,0.016062091033141362,0,1
-61.363161098139635,9.999999152474519,-61.6,10.0,-0.3885052376373537,1.3902707998170172e-06,0.11501570129782861,0,1
-61.49465932964807,9.999999483338469,-61.7,10.0,-0.3368396647998182,8.47525480907052e-07,0.08645892444977706,0,1
-58.440951057803204,6.09611765301496,-53.672424,0.0,7.822235013241823,-9.999999483338469,122.8271377733191,1,1
-59.94747794257423,7.620147267967267,-62.3,10.0,-3.859048179257343,3.90388234698504,22.961447608947825,1,1
-60.63164217748748,8.549213699911391,-61.7,10.0,-1.752522820365222,2.3798527320327327,6.656225676499045,1,1
-60.93160060291963,9.115583556833363,-61.4,10.0,-0.7683593483914279,1.450786300088609,2.053749359087737,0,1
-61.036380859128954,9.460849302963673,-61.2,10.0,-0.2684001600198229,0.8844164431666375,0.6509366877110591,0,1
-60.98313997626755,9.671327374834902,-60.9,10.0,0.1363793332500478,0.5391506970363267,0.23567805173245918,0,1
-60.95068370600331,9.799637290414857,-60.9,10.0,0.08313845038864542,0.32867262516509754,0.08758421957800269,0,1
-60.89185826692226,9.877856528598526,-60.8,10.0,0.15068446894276377,0.2003627095851428,0.047893407525556535,0,1
-60.816959360671554,9.925539898931827,-60.7,10.0,0.19185750398280987,0.12214347140147375,0.039417749819476794,0,1
-60.73226039000596,9.954608243998086,-60.6,10.0,0.21696088655045997,0.07446010106817269,0.040094421583509565,0,1
-60.7977445506425,9.972328650063867,-60.9,10.0,-0.16774113587294437,0.04539175600191392,0.023010940427039026,0,1
-60.837664467469935,9.983131218645614,-60.9,10.0,-0.10225697523640775,0.027671349936133183,0.008551476237362873,0,1
-60.90103834433022,9.989716591888763,-61.0,10.0,-0.16233553253006505,0.016868781354386186,0.02029807704527118,0,1
-60.900633582637965,9.993731113104104,-60.9,10.0,0.0010368184513112055,0.010283408111236625,8.14010630796845e-05,0,1
-66.63909223083768,9.996178412595471,-75.6,10.0,-14.699364891483128,0.0062688868958957755,164.6495682318643,1,1
-70.33251841981763,9.997670315235705,-76.1,10.0,-9.460906243283418,0.00382158740452887,68.20699619608264,1,1
-72.19368639201953,9.998579796684865,-75.1,10.0,-4.767480054303462,0.002329684764294626,17.319735239533035,1,1
-73.28923811906093,9.999134227305243,-75.0,10.0,-2.8063136079804707,0.001420203315134927,6.001169470083537,1,1
-73.99613760050265,9.99947221475193,-75.1,10.0,-1.810760355060168,0.0008657726947571831,2.4985349554905074,0,1
-74.30995718963449,9.999678255886602,-74.8,10.0,-0.8038654512551631,0.0005277852480691791,0.49241388487911414,0,1
-74.50126531323549,9.999803860992923,-74.8,10.0,-0.4900458621233241,0.0003217441133980259,0.18299406966189352,0,1
-74.9692360023474,9.999880431347474,-75.7,10.0,-1.1987316350066948,0.0001961390070768232,1.0949828586544665,0,1
-74.8641282517834,9.999927109538893,-74.7,10.0,0.2692390541052134,0.00011956865252571447,0.05523820703738401,0,1
-75.07332685640162,9.999955565115036,-75.4,10.0,-0.5358732740955077,7.289046110692254e-05,0.21882028491967023,0,1
-75.63028322148784,9.999972911969936,-76.5,10.0,-1.4266731435983786,4.4434884964417165e-05,1.551001964554819,0,1
-75.73557806570982,9.999983486817321,-75.9,10.0,-0.2697183043910627,2.7088030064348345e-05,0.055435021657784855,0,1
-75.56553471865331,9.999989933369037,-75.3,10.0,0.43557501395200404,1.6513182679034344e-05,0.14457369959867558,0,1
-75.18860075902377,9.999993863263011,-74.6,10.0,0.9655362445322169,1.0066630963478929e-05,0.7103960496872367,0,1
-75.73959377702431,9.999996258972738,-76.6,10.0,-1.4113977150973227,6.1367369887932455e-06,1.5179665294554419,0,1
-76.38779737468268,9.999997719425648,-77.4,10.0,-1.6604077488545954,3.741027262194052e-06,2.1008395200969203,0,1
-76.23640585437377,9.999998609734972,-76.0,10.0,0.38779737468267683,2.280574351587461e-06,0.1145969621111689,0,1
-76.0269981453274,9.999999152478038,-75.7,10.0,0.5364089061315838,1.390265028433646e-06,0.21925794304171986,0,1
-75.43087608307994,9.999999483340615,-74.5,10.0,1.526998145327397,8.475219619441532e-07,1.776807565491406,0,1
-65.43414107150032,9.999999685038343,-49.82371,10.0,25.607164687816265,5.166593854966095e-07,499.67355445870817,1,1
-69.09046310141291,9.999999807995659,-74.8,10.0,-9.365861980257492,3.149616567554858e-07,66.84345393212075,1,1
-71.55363246997548,9.999999882951888,-75.4,10.0,-6.309538424465998,1.9200434131505517e-07,30.33601669112464,1,1
-73.0552095745622,9.99999992864609,-75.4,10.0,-3.8463690559034234,1.1704811164747753e-07,11.273669005095032,1,1
-73.73635636508352,9.999999956501815,-74.8,10.0,-1.7447934771956142,7.135390944768005e-08,2.3198047511875317,0,1
-74.42486203480757,9.999999973482993,-75.5,10.0,-1.7636436349164768,4.349818460980259e-08,2.3702002862108387,0,1
-74.76650676396333,9.99999998383492,-75.3,10.0,-0.8751410169502378,2.651700725664341e-08,0.58360560479955,0,1
-74.97477742117047,9.999999990145577,-75.3,10.0,-0.5334962877944776,1.616507994128824e-08,0.2168833332674576,0,1
-74.98462401839986,9.999999993992628,-75.0,10.0,-0.02522257882952772,9.854423055344341e-09,0.0004847773849887718,0,1
-74.95158839559411,9.999999996337834,-74.9,10.0,0.08462249252094978,6.007372377325737e-09,0.005456761870817598,0,1
-74.93144949021716,9.999999997767501,-74.9,10.0,0.05158686971520865,3.6621656818169868e-09,0.0020278775489080705,0,1
-75.42667545303227,9.999999998639042,-76.2,10.0,-1.2685474580250258,2.2324986304056438e-09,1.2262437712308012,0,1
-75.72857104204492,9.999999999170344,-76.2,10.0,-0.7733214952099132,1.3609575688633413e-09,0.455704733326452,0,1
-75.40510727740075,9.999999999494232,-74.9,10.0,0.8285695161660129,8.29656343626084e-10,0.5231440351889024,0,1
-75.63734637847433,9.999999999691678,-76.0,10.0,-0.5948927225992549,5.057678720277181e-10,0.2696750003373513,0,1
-75.81796029880161,9.999999999812044,-76.1,10.0,-0.46265209564676013,3.0832225661470147e-10,0.16310694107993542,0,1
-75.92806467529901,9.99999999988542,-76.1,10.0,-0.28203817531948516,1.879563171769405e-10,0.060614868619409366,0,1
-75.95614737745579,9.99999999993015,-76.0,10.0,-0.07193532470098774,1.1458034521183436e-10,0.00394319080213376,0,1
-75.62191694540942,9.999999999957419,-75.1,10.0,0.8561489033346987,6.984990363889665e-11,0.5585499085295275,0,1
-75.84759255902243,9.999999999974042,-76.2,10.0,-0.5780800028327633,4.2581049797263404e-11,0.2546474128980418,0,1
-76.02420827839123,9.999999999984176,-76.3,10.0,-0.4524104927353818,2.595790249415586e-11,0.15596556164077782,0,1
-76.24898997832366,9.999999999990354,-76.6,10.0,-0.5757901957298657,1.582378672537743e-11,0.25263406312256426,0,1
-76.38601955430673,9.99999999999412,-76.6,10.0,-0.35100849579743,9.64561763794336e-12,0.09388552347049746,0,1
-76.7037867265724,9.999999999996415,-77.2,10.0,-0.8139773939354598,5.879741138414829e-12,0.5048798788486305,0,1
-78.23005790223776,6.096117967975739,-80.61341,0.0,-3.909624223134628,-9.999999999996415,87.84899310800392,1,1
-77.63274015561757,7.620147459971073,-76.7,10.0,1.530060953995573,3.903882032024261,13.39727191449487,1,1
-66.7764233850645,8.549213816959176,-49.82371,10.0,27.809028760353897,2.379852540028927,593.613890591395,1,1
-69.94777245902976,9.115583628187073,-74.9,10.0,-8.123578140814402,1.4507861830408242,51.89114856005331,1,1
-72.31049069412005,9.460849346461737,-76.0,10.0,-6.052227540970236,0.884416371812927,28.508229373219365,1,1
-73.94602570434145,9.671327401351835,-76.5,10.0,-4.189509305879952,0.5391506535382629,13.596378906251207,1,1
-76.54889425033663,5.895755274557817,-80.61341,0.0,-6.66738524536558,-9.671327401351835,105.14934776177479,1,1
-76.8811564903679,7.498003998425329,-77.4,10.0,-0.8511072755422759,4.104244725442183,13.387995846428351,1,1
-76.84947514528523,8.474753721899173,-76.8,10.0,0.08115343861008739,2.501996001574671,4.775218649662386,0,1
-76.7130441712535,9.07019187584781,-76.5,10.0,0.3494751452852256,1.525246278100827,1.8658000292650325,0,1
-76.43468013843403,9.4331779987584,-76.0,10.0,0.7130441712535003,0.9298081241521903,1.0462273009658751,0,1
-76.53825669109438,9.654458621358588,-76.7,10.0,-0.2653168098081551,0.5668220012416008,0.29846608099664285,0,1
-76.13293352699537,9.789353899298423,-75.5,10.0,1.0382566910943751,0.3455413786414123,0.912418016828461,0,1
-75.5344937660781,9.871587652062862,-74.6,10.0,1.5329350528742793,0.2106461007015774,1.8244626877022172,0,1
-75.40391015438628,9.921718317843018,-75.2,10.0,0.33449681783591245,0.12841234793713774,0.097825816470206,0,1
-75.83181069976361,9.952278563083928,-76.5,10.0,-1.0960898456137187,0.07828168215698206,0.9201640266169826,0,1
-75.81939336921053,9.970908449095822,-75.8,10.0,0.031807648005795386,0.047721436916072335,0.0025063137544017486,0,1
-76.00701771962174,9.98226544738167,-76.3,10.0,-0.4806096825472821,0.029091550904178476,0.17665939138647915,0,1
-76.51178394020116,9.989188807512935,-77.3,10.0,-1.2929853321360696,0.017734552618330568,1.2741843517676428,0,1
-76.39006597662848,9.993409369522434,-76.2,10.0,0.311786991958968,0.010811192487064858,0.0741653789997846,0,1
-76.00355649464598,9.99598227391254,-75.4,10.0,0.9900644507495713,0.0065906304775662505,0.7469809974969275,0,1
-76.23640040732764,9.997550746780782,-76.6,10.0,-0.5964419794751166,0.00401772608745965,0.2710937389002116,0,1
-76.22218892634493,9.99850690634422,-76.2,10.0,0.03640345908544873,0.0024492532192184058,0.001014402164163893,0,1
-76.1354489906177,9.999089792493713,-76.0,10.0,0.22218892634492704,0.0014930936557799868,0.03762078103113085,0,1
-75.9264154255789,9.999445126766634,-75.6,10.0,0.5354505164966099,0.0009102075062870085,0.2184757878763903,0,1
-75.75994787376945,9.999661742731213,-75.5,10.0,0.4264154255788952,0.0005548732333657824,0.13855746363953944,0,1
-75.85366139200346,9.999793794378595,-76.0,10.0,-0.24005212623055172,0.0003382572687868901,0.043911204687172814,0,1
-76.22310201217036,9.999874294620625,-76.8,10.0,-0.9463416597543528,0.00020620562140472032,0.6824318915479509,0,1
-76.33119972010948,9.999923368517813,-76.5,10.0,-0.27689798782964203,0.00012570537937506288,0.0584255843496941,0,1
-76.47517380734617,9.999953284544452,-76.7,10.0,-0.3687972281327063,7.66314821873948e-05,0.10364269345302163,0,1
-76.05543923225135,9.999971521707206,-75.4,10.0,1.0751722814672604,4.671545554835177e-05,0.8808855693131241,0,1
-76.81457281639025,9.99998263929676,-78.0,10.0,-1.944560767748655,2.847829279417624e-05,2.881418993455886,0,1
-76.4575349735872,9.999989416710504,-75.9,10.0,0.914571290511347,1.736070323943295e-05,0.6373801061969401,0,1
-76.20084226807613,9.999993548301875,-75.8,10.0,0.6575319218293885,1.0583289496324255e-05,0.32945572539831314,0,1
-76.51282401911705,9.999996066968714,-77.0,10.0,-0.7991577319238701,6.451698125076177e-06,0.4866630649444836,0,1
-76.62493532566702,9.99999760237773,-76.8,10.0,-0.28717903264076483,3.933031285541233e-06,0.0628447252935012,0,1
-76.34192972212719,9.99999853838118,-75.9,10.0,0.7249337997881184,2.397622269612043e-06,0.40046085817910454,0,1
-76.13036794301433,9.999999108979925,-75.8,10.0,0.5419266703693779,1.4616188206417746e-06,0.22379193190861327,0,1
-76.313706162222,9.999999456823652,-76.6,10.0,-0.469630531106759,8.910200754996822e-07,0.16806451311179613,0,1
-76.2302772018538,9.99999966887329,-76.1,10.0,0.2137076881009108,5.431763483443319e-07,0.034801957140828566,0,1
-76.14037969878366,9.999999798141252,-76.0,10.0,0.23027720185379508,3.3112671005142147e-07,0.040407805291308316,0,1
-75.96845946807854,9.999999876944525,-75.7,10.0,0.4403827505414739,2.0185874838318796e-07,0.14778282862856013,0,1
-75.9026960703932,9.99999992498393,-75.8,10.0,0.16845641632072272,1.2305547514301907e-07,0.02162412237560586,0,1
-76.09683825360293,9.999999954269319,-76.4,10.0,-0.4973054554857015,7.501606980042652e-08,0.18845593650718362,0,1
-76.48846016961494,9.999999972122037,-77.1,10.0,-1.0031602205181684,4.57306814638514e-08,0.7668386255046223,0,1
-76.45392695862913,9.999999983005265,-76.4,10.0,0.08845864373603263,2.7877963049149912e-08,0.005962713304954313,0,1
-76.23768100422976,9.999999989639809,-75.9,10.0,0.5539254327502192,1.6994734508557485e-08,0.23381156397045788,0,1
-76.3400872456543,9.999999993684305,-76.5,10.0,-0.26231899577024365,1.036019092737206e-08,0.05243519141351916,0,1
-76.44155352312754,9.999999996149878,-76.6,10.0,-0.25991122846679104,6.3156946339404385e-09,0.051477027321371535,0,1
-77.0109144183855,9.999999997652921,-77.9,10.0,-1.4584480027513678,3.850121998993927e-09,1.6208591452446985,0,1
-77.00665355820298,9.999999998569193,-77.0,10.0,0.01091441838549656,2.347078975617478e-09,9.077464747454858e-05,0,1
-77.12117373990213,9.999999999127763,-77.3,10.0,-0.2933494935548282,1.430807472502238e-09,0.06557436008202816,0,1
-76.91771306434045,9.999999999468274,-76.6,10.0,0.5211752657810393,8.722373934233474e-10,0.20698123250010234,0,1
-76.9107986886645,9.999999999675854,-76.9,10.0,0.0177115384615405,5.31725774521874e-10,0.00023904295494067847,0,1
-76.90658360368495,9.999999999802396,-76.9,10.0,0.010797162785593173,3.241460433400789e-10,8.883470692411748e-05,0,1
-76.7478581611909,9.999999999879538,-76.5,10.0,0.4065836036849504,1.9760371117172326e-10,0.1259688304746539,0,1
-76.5730208097244,9.999999999926565,-76.3,10.0,0.4478551094330925,1.2046186270708859e-10,0.152840497339125,0,1
-66.82384749159962,9.999999999955234,-51.6,10.0,24.973022335603304,7.343459174080635e-11,475.2319019341797,1,1
-60.64640410160828,9.99999999997271,-51.0,10.0,15.823847491599622,4.476596870972571e-11,190.80403418273823,1,1
-57.349027878704234,9.999999999983364,-52.2,10.0,8.44640333866883,2.7290170123706048e-11,54.36344977686495,1,1
-54.75332612993807,9.999999999989859,-50.7,10.0,6.649027115764781,1.6635581800983346e-11,33.688337842738754,1,1
-52.93672190747254,9.999999999993818,-50.1,10.0,4.653327655816973,1.014122119613603e-11,16.50025450539794,1,1
-53.223931448987706,6.0961179679741555,-53.672424,0.0,-0.7357024089337116,-9.999999999993818,76.61392120331661,1,1
-51.9653466433703,7.620147459970108,-50.0,10.0,3.223931448987706,3.9038820320258445,19.533508027022148,1,1
-51.23713672323058,8.549213816958588,-50.1,10.0,1.8653481692492093,2.3798525400298924,6.967269917388756,1,1
-50.75417314073312,9.115583628186714,-50.0,10.0,1.2371367232305772,1.4507861830414122,2.7701429254467795,0,1
-50.38167490493595,9.460849346461519,-49.8,10.0,0.9541739036725758,0.8844163718132858,1.2898167594391143,0,1
-50.03747942298953,9.671327401351702,-49.5,10.0,0.8816749049359487,0.5391506535384814,0.8138577069134251,0,1
-49.78861557215539,9.799637306579811,-49.4,10.0,0.637477897110621,0.3286725986482981,0.39198324015821023,0,1
-49.754021396008476,9.877856538452873,-49.7,10.0,0.08861480921594023,0.20036269342018898,0.03657502629047918,0,1
-49.65485443964581,9.925539904939154,-49.5,10.0,0.2540213960084756,0.12214346154712707,0.060538943368498604,0,1
-49.711517256312696,9.954608247660223,-49.8,10.0,-0.14514479741473707,0.0744600950608465,0.020278216705874343,0,1
-49.74605957779262,9.972328652296348,-49.8,10.0,-0.08848198074785074,0.04539175233977666,0.007535923568452711,0,1
-49.72807875982047,9.98313122000656,-49.7,10.0,0.04605881485316843,0.027671347703652316,0.0022000264204068585,0,1
-49.67807772722067,9.989716592718413,-49.6,10.0,0.1280802856993759,0.016868779993439276,0.012717351974003723,0,1
-49.80375238486176,9.993731113609869,-50.0,10.0,-0.3219222727793323,0.010283407281587387,0.07905117975597117,0,1
-49.646132812482094,9.996178412903792,-49.4,10.0,0.40375085898285334,0.006268886390131456,0.12424959435491084,0,1
-49.58908428638832,9.997670315423662,-49.5,10.0,0.14613281248209375,0.0038215870962083898,0.016283800513001583,0,1
-49.78853915812783,9.998579796799445,-50.1,10.0,-0.510914187732773,0.002329684576338309,0.1989153650849916,0,1
-49.91012920086903,9.999134227375093,-50.1,10.0,-0.31145931599326104,0.0014202032005545817,0.07392222943534757,0,1
-49.789057823696105,9.999472214794512,-49.6,10.0,0.3101307267479356,0.0008657726249072795,0.0732919630302174,0,1
-49.79332922239994,9.99967825591256,-49.8,10.0,-0.010941413364442099,0.0005277852054881293,9.143649914734009e-05,0,1
-50.26439925912384,9.999803861008747,-51.0,10.0,-1.2066707776000598,0.0003217440874401234,1.1095349763784736,0,1
-50.00502503046048,9.99988043135712,-49.6,10.0,0.6644007850027478,0.00019613899125303647,0.33637498178865327,0,1
-49.96402509321288,9.999927109544773,-49.9,10.0,0.10502350458157395,0.00011956864288009683,0.008404985165801484,0,1
-49.82191339546787,9.99995556511862,-49.6,10.0,0.36402661909178846,7.28904552271814e-05,0.1009786772284548,0,1
-49.69624220342445,9.999972911972122,-49.5,10.0,0.3219133954678668,4.443488137972906e-05,0.07896624405264013,0,1
-49.65866978687223,9.999983486818653,-49.6,10.0,0.09624372930335312,2.7088027877653076e-05,0.007058432987002948,0,1
-49.4796108107546,9.999989933369848,-49.2,10.0,0.458669023932778,1.6513181346766714e-05,0.16031058484925564,0,1
-49.48757050970886,9.999993863263505,-49.5,10.0,-0.020389189245399564,1.0066630151683853e-05,0.0003167841144326638,0,1
-49.375306672972236,9.999996258973038,-49.2,10.0,0.2875697467694067,6.136736494966044e-06,0.0630158452228323,0,1
-49.384947252226816,9.999997719425831,-49.4,10.0,-0.02469485290666995,3.7410269619897463e-06,0.00046470385248358086,0,1
-49.46890071233856,9.999998609735083,-49.6,10.0,-0.21505122189427794,2.2805741686227066e-06,0.03524091732763623,0,1
-49.520079732004675,9.999999152478106,-49.6,10.0,-0.1310977617825344,1.390264916523165e-06,0.013096460271395596,0,1
-49.55127906614168,9.999999483340655,-49.6,10.0,-0.07991874211641914,8.475218944425933e-07,0.004866992253511169,0,1
-49.76549264988494,9.999999685038368,-50.1,10.0,-0.5487194079794122,5.166593446404022e-07,0.22943729730086063,0,1
-49.81800332829897,9.999999807995673,-49.9,10.0,-0.13450887599396566,3.1496163188649007e-07,0.013786856737585446,0,1
-49.81097474347011,9.999999882951897,-49.8,10.0,0.01800409123842428,1.9200432710420046e-07,0.00024700502351029046,0,1
-49.96284591220966,9.999999928646096,-50.2,10.0,-0.3890260194693411,1.1704810276569333e-07,0.11532425947158431,0,1
-49.86023426666565,9.999999956501819,-49.7,10.0,0.2628451492702055,7.135390411860953e-08,0.052645749006253226,0,1
-49.836719221688284,9.999999973482996,-49.8,10.0,0.06023502960510285,4.3498181057088914e-08,0.002764786701439614,0,1
-49.861423886715755,9.999999983834922,-49.9,10.0,-0.06328230419062209,2.651700370392973e-08,0.003051602370598646,0,1
-49.60321210186833,9.999999990145577,-49.2,10.0,0.6614231237763022,1.61650781649314e-08,0.3333666291704568,0,1
-49.484841376388225,9.999999993992628,-49.3,10.0,0.303212864807783,9.854423055344341e-09,0.0700581432534311,0,1
-49.45172089958795,9.999999996337834,-49.4,10.0,0.08483985050931864,6.007372377325737e-09,0.005484829917388395,0,1
-49.62672436781604,9.999999997767501,-49.9,10.0,-0.4482806262909591,3.6621656818169868e-09,0.1531310694592967,0,1
-50.123796749730616,9.999999998639042,-50.9,10.0,-1.273277158062868,2.2324986304056438e-09,1.2354047643111516,0,1
-50.622012039209224,9.999999999170344,-51.4,10.0,-1.2762047761482904,1.3609575688633413e-09,1.2410923733512589,0,1
-50.8866902431725,9.999999999494232,-51.3,10.0,-0.6779871978513228,8.29656343626084e-10,0.35027275826613163,0,1
-51.009002974028675,9.999999999691678,-51.2,10.0,-0.3133105197669508,5.057678720277181e-10,0.07480202064746898,0,1
-50.497983952853836,9.999999999812044,-49.7,10.0,1.309002211089222,3.0832225661470147e-10,1.3057022000124487,0,1
-50.30357689227569,9.99999999988542,-50.0,10.0,0.49798395285383634,1.879563171769405e-10,0.1889705260131669,0,1
-50.302180217884576,9.99999999993015,-50.3,10.0,0.0035776552151460805,1.1458034521183436e-10,9.753496774022593e-06,0,1
-50.262290564064365,9.999999999957419,-50.2,10.0,0.10217945494512293,6.984990363889665e-11,0.00795592240947996,0,1
-50.12085719740729,9.999999999974042,-49.9,10.0,0.3622890381854589,4.2581049797263404e-11,0.10001698601977625,0,1
-50.3079082995036,9.999999999984176,-50.6,10.0,-0.47914127671380413,2.595790249415586e-11,0.1749405739772279,0,1
-50.343860408675354,9.999999999990354,-50.4,10.0,-0.09209322637530448,1.582378672537743e-11,0.006462770769486889,0,1
-50.44385368781641,9.99999999999412,-50.6,10.0,-0.25613806544573947,9.64561763794336e-12,0.0499932793669014,0,1
-51.70424957442302,6.09611796797434,-53.672424,0.0,-3.228570628589843,-9.99999999999412,84.14446355450876,1,1
-50.88277476828988,7.62014745997022,-49.6,10.0,2.104251100301923,3.9038820320256598,14.98743374792347,1,1
-50.421033749546844,8.549213816958655,-49.7,10.0,1.1827740053504243,2.3798525400297796,5.381845320388072,0,1
-50.21762891593867,9.115583628186755,-49.9,10.0,0.5210322236679374,1.4507861830413447,1.8107414470286163,0,1
-50.56209558231783,9.460849346461544,-51.1,10.0,-0.8823695581824254,0.884416371813245,1.1893285023108942,0,1
-50.615932137992985,9.671327401351718,-50.7,10.0,-0.1379051806216225,0.5391506535384565,0.23599693158657362,0,1
-50.648751537431515,9.799637306579822,-50.7,10.0,-0.08406862494646816,0.32867259864828213,0.08770272379575365,0,1
-50.668758630493066,9.87785653845288,-50.7,10.0,-0.05124922550793798,0.20036269342017832,0.03259266003792355,0,1
-50.407683150358906,9.925539904939159,-50.0,10.0,0.6687586304930662,0.12214346154711997,0.352170548833727,0,1
-50.09237258084847,9.954608247660227,-49.6,10.0,0.8076846762378125,0.07446009506084117,0.5013286189677257,0,1
-49.93919525186779,9.972328652296351,-49.7,10.0,0.3923718179090159,0.045391752339773106,0.11888653427062394,0,1
-49.92389448360219,9.983131220006563,-49.9,10.0,0.0391937259888806,0.027671347703648763,0.0017540448932562346,0,1
-49.7974493024365,9.989716592718414,-49.6,10.0,0.3238960094810963,0.0168687799934375,0.08015875486889128,0,1
-49.915560929950765,9.993731113609869,-50.1,10.0,-0.3025491716845963,0.01028340728158561,0.06983236466028292,0,1
-50.26083521150655,9.996178412903792,-50.8,10.0,-0.8844383071097823,0.006268886390131456,0.5961015938885055,0,1
-50.31516409892065,9.997670315423662,-50.4,10.0,-0.13916631437235338,0.0038215870962083898,0.014769268903911881,0,1
-50.38732185423028,9.998579796799445,-50.5,10.0,-0.184835901079353,0.002329684576338309,0.02603784403848638,0,1
-50.197077746861275,9.999134227375093,-49.9,10.0,0.4873203283513732,0.0014202032005545817,0.18096563890945858,0,1
-50.31533502097407,9.999472214794512,-50.5,10.0,-0.3029222531387248,0.0008657726249072795,0.06992448558041743,0,1
-50.19223194872927,9.99967825591256,-50.0,10.0,0.31533502097406796,0.0005277852054881293,0.07577204424524996,0,1
-50.15622508830189,9.999803861008747,-50.1,10.0,0.09223347460817877,0.0003217440874401234,0.006482548872386263,0,1
-49.9390807798186,9.99988043135712,-49.6,10.0,0.5562266141807939,0.00019613899125303647,0.23575828284851724,0,1
-50.040940863208704,9.999927109544773,-50.2,10.0,-0.26091998312084996,0.00011956864288009683,0.05187739383545556,0,1
-50.181113910149115,9.99995556511862,-50.4,10.0,-0.35906066267020265,7.28904552271814e-05,0.09824241949139648,0,1
-50.11040917619108,9.999972911972122,-50.0,10.0,0.18111391014911504,4.443488137972906e-05,0.024995798524952057,0,1
-50.067306736280806,9.999983486818653,-50.0,10.0,0.1104091761910766,2.7088027877653076e-05,0.009289102190229227,0,1
-49.845836878839634,9.999989933369848,-49.5,10.0,0.5673067362808055,1.6513181346766714e-05,0.245244488982856,0,1
-49.837199351061436,9.999993863263505,-49.82371,10.0,0.022125483575962335,1.0066630151683853e-05,0.00037303450781619443,0,1
-49.82267686539771,9.999996258973038,-49.8,10.0,0.03720011400088907,6.136736494966044e-06,0.00105451297796252,0,1
-49.73574584833528,9.999997719425831,-49.6,10.0,0.2226783912766166,3.7410269619897463e-06,0.03778500864821273,0,1
-49.72179138867429,9.999998609735083,-49.7,10.0,0.035745085395824105,2.2805741686227066e-06,0.0009736347261135747,0,1
-49.71328458544701,9.999999152478106,-49.7,10.0,0.021790625734837477,1.390264916523165e-06,0.0003618285072107306,0,1
-49.70809873784663,9.999999483340655,-49.7,10.0,0.013283822507560217,8.475218944425933e-07,0.00013446507721936543,0,1
-61.77316804163806,6.096117653016293,-80.61341,0.0,-30.905312211860398,-9.999999483340655,804.0309532521338,1,1
-57.10824113221729,7.620147267968079,-49.82371,10.0,11.949456646374387,3.903882346983707,120.42104668744071,1,1
-54.25518971019995,8.549213699911885,-49.8,10.0,7.3082418951567405,2.379852732031921,45.015334258199694,1,1
-52.398819743349364,9.115583556833663,-49.5,10.0,4.75518971019995,1.4507863000881152,18.83442134327218,1,1
-51.306192936971215,9.460849302963856,-49.6,10.0,2.79882126922827,0.8844164431663373,6.565208867334734,1,1
-50.444920644704496,9.671327374835014,-49.1,10.0,2.206194462850121,0.5391506970361437,3.9304549008248375,0,1
-53.355296274633304,9.799637290414926,-57.9,10.0,-7.4550808811744105,0.32867262516498563,42.433748708598166,1,1
-55.12949559175071,9.877856528598569,-57.9,10.0,-4.5447052512456025,0.20036270958507352,15.769507330409532,1,1
-55.937796385251964,9.925539898931854,-57.2,10.0,-2.070505171188742,0.12214347140143111,3.278119382905476,0,1
-56.66477841056754,9.954608243998102,-57.8,10.0,-1.8622028518085827,0.07446010106814605,2.646739169084161,0,1
-57.06891700462477,9.972328650063876,-57.7,10.0,-1.0352223523719104,0.04539175600189793,0.8182100799884632,0,1
-57.62759492382254,9.98313121864562,-58.5,10.0,-1.4310829953752275,0.0276713499361243,1.5611885644355565,0,1
-57.73393924773975,9.989716591888767,-57.9,10.0,-0.272406602056364,0.016868781354380857,0.056762411850792505,0,1
-57.87684445139235,9.993731113104106,-58.1,10.0,-0.3660592263813456,0.010283408111233072,0.10219006805790265,0,1
-57.84684498624467,9.996178412595471,-57.8,10.0,0.07684521433180436,0.006268886895893999,0.004529785919737024,0,1
-57.984712835359026,9.997670315235705,-58.2,10.0,-0.35315577669478415,0.00382158740452887,0.095048847964535,0,1
-58.18587486569638,9.998579796684865,-58.5,10.0,-0.5152871646409736,0.002329684764294626,0.202334948029756,0,1
-58.30850561245782,9.999134227305243,-58.5,10.0,-0.3141251343036231,0.001420203315134927,0.07519303722291056,0,1
-58.07095249761451,9.99947221475193,-57.7,10.0,0.6085048495183685,0.0008657726947571831,0.2821579830363542,0,1
-57.887097602592064,9.999678255886602,-57.6,10.0,0.4709540234934195,0.0005277852480691791,0.16901332438331965,0,1
-57.61886310193417,9.999803860992923,-57.2,10.0,0.6870968396526109,0.0003217441133980259,0.3597488155991733,0,1
-57.68957651226115,9.999880431347474,-57.8,10.0,-0.18113613512637983,0.0001961390070768232,0.02500196131545497,0,1
-57.45941220130417,9.999927109538893,-57.1,10.0,0.5895780381400542,0.00011956865252571447,0.26487806108577083,0,1
-57.514295423744066,9.999955565115036,-57.6,10.0,-0.14058627281692537,7.289046110692254e-05,0.015060844575533958,0,1
-57.58679259743761,9.999972911969936,-57.7,10.0,-0.1857053391953869,4.4434884964417165e-05,0.026279202472326013,0,1
-57.67002595439079,9.999983486817321,-57.8,10.0,-0.21320663962293906,2.7088030064348345e-05,0.034638959107614185,0,1
-58.267310070844744,9.999989933369037,-59.2,10.0,-1.5299748085486655,1.6513182679034344e-05,1.783741579048699,0,1
-58.55334357579202,9.999993863263011,-59.0,10.0,-0.7326899291552564,1.0066630963478929e-05,0.40907582983932944,0,1
-58.649635036204295,9.999996258972738,-58.8,10.0,-0.24665566126852667,6.1367369887932455e-06,0.046360226770338304,0,1
-55.2040985644176,9.999997719425648,-49.82371,10.0,8.825923640940623,3.741027262194052e-06,59.358607892072214,1,1
-56.10039140058398,9.999998609734972,-57.5,10.0,-2.295901435582401,2.280574351587461e-06,4.016704240819851,0,1
-56.724860025379364,9.999999152478038,-57.7,10.0,-1.5996093623554728,1.390265028433646e-06,1.9498053167706506,0,1
-57.02746552730172,9.999999483340615,-57.5,10.0,-0.775139974620636,8.475219619441532e-07,0.45785044896894894,0,1
-57.3290535741676,9.999999685038343,-57.8,10.0,-0.7725337097588252,5.166593854966095e-07,0.454776750062095,0,1
-57.35675081755706,9.999999807995659,-57.4,10.0,-0.07094795171130386,3.149616567554858e-07,0.003835686456948554,0,1
-57.52978977161924,9.999999882951888,-57.8,10.0,-0.44324841950349025,1.9200434131505517e-07,0.1497123981147045,0,1
-57.596238134686004,9.99999992864609,-57.7,10.0,-0.17021099132021078,1.1704811164747753e-07,0.022076924771272623,0,1
-66.58187087273676,6.096117924479739,-80.61341,0.0,-23.017172815021027,-9.99999992864609,479.90945202791715,1,1
-63.270647947250794,7.620147433455399,-58.1,10.0,8.481872398615664,3.9038820755202606,66.43431603246219,1,1
-61.05689328844615,8.549213800794908,-57.6,10.0,5.6706494731297,2.379852566544601,28.819370021503584,1,1
-68.69152707911802,5.211701586311068,-80.61341,0.0,-19.556517661260884,-8.549213800794908,347.13310449748815,1,1
-64.63479719633149,7.080996800427071,-58.3,10.0,10.39152784205747,4.788298413688932,99.75660969705102,1,1
-62.122728578727596,8.220541214649842,-58.2,10.0,6.434796433392037,2.919003199572929,38.04525105768321,1,1
-60.43518603810473,8.915220932535073,-57.8,10.0,4.322729341667049,1.7794587853501582,16.651898684264822,1,1
-59.718750462462125,9.338705883554072,-58.6,10.0,1.835187563983638,1.0847790674649271,3.463097188929601,0,1
-59.51623669935378,9.59686730546159,-59.2,10.0,0.5187496995226724,0.6612941164459283,0.5382957200480625,0,1
-59.39278192034902,9.754245553734505,-59.2,10.0,0.3162359364143299,0.40313269453841016,0.20004497744282326,0,1
-59.590794470780764,9.850185190441044,-59.9,10.0,-0.5072196055298832,0.24575444626549547,0.24206692009933364,0,1
-59.399193503505956,9.908671124757845,-59.1,10.0,0.49079599665967066,0.14981480955895599,0.20065767586775168,0,1
-59.51662510902638,9.944324840264109,-59.7,10.0,-0.3008072594334976,0.09132887524215505,0.07530684702252959,0,1
-59.47109663795043,9.9660597658364,-59.4,10.0,0.11662358314747223,0.0556751597358911,0.012726243340730794,0,1
-59.599496332645565,9.97930963286779,-59.8,10.0,-0.32890259911011555,0.033940234163599925,0.08331020287076568,0,1
-59.28738209803475,9.987386908116129,-58.8,10.0,0.7994970955850178,0.020690367132209175,0.48740268911067286,0,1
-58.97999741554938,9.992310910393497,-58.5,10.0,0.7873820980347475,0.012613091883871164,0.4725479441252948,0,1
-58.75357386231626,9.99531264026924,-58.4,10.0,0.5799958896704709,0.007689089606502719,0.2563831792047944,0,1
-58.65458161782757,9.997142530212294,-58.5,10.0,0.25357386231625867,0.0046873597307595105,0.04901406483055953,0,1
-58.82846710403197,9.99825805270842,-59.1,10.0,-0.44541685629352656,0.0028574697877061794,0.1511870335149097,0,1
-58.9344697477141,9.998938088381653,-59.1,10.0,-0.27153137008912154,0.0017419472915793932,0.05618511458058297,0,1
-59.31140196372649,9.9993526461503,-59.9,10.0,-0.9655317781648094,0.0010619116183470112,0.7103903366307819,0,1
-59.26791224911667,9.999605365456521,-59.2,10.0,0.11140120078703575,0.0006473538497004938,0.009457095719456306,0,1
-59.670826833888455,9.999759426126872,-60.3,10.0,-1.0320869879438774,0.0003946345434790999,0.8117009317825655,0,1
-59.56509982851292,9.99985334332894,-59.4,10.0,0.27082530800954885,0.0002405738731283691,0.055891042430593306,0,1
-59.461607684947985,9.999910596363243,-59.3,10.0,0.26510059145237364,0.00014665667105973057,0.0535531352878749,0,1
-59.359479428719816,9.999945498488357,-59.2,10.0,0.2616069220085322,8.940363675691287e-05,0.05215090969182636,0,1
-58.98491057421753,9.999966775235558,-58.4,10.0,0.9594779028409093,5.45015116433234e-05,0.7015091360792691,0,1
-67.42842197376315,6.096097713769575,-80.61341,0.0,-21.6285003754895,-9.999966775235558,432.6653920166405,1,1
-63.747677260393544,7.620135112768061,-58.0,10.0,9.42842197376315,3.9039022862304247,79.35285819272192,1,1
-61.464813637487225,8.549206289958562,-57.9,10.0,5.847675734514638,2.379864887231939,30.373197865375534,1,1
-58.42275677177835,5.211697007616628,-53.672424,0.0,7.792389321080975,-8.549206289958562,101.96539091962529,1,1
-57.94540725053303,7.080994009200927,-57.2,10.0,1.2227560088388998,4.788302992383372,18.610669227825923,1,1
-54.77479299863961,8.220539513085457,-49.82371,10.0,8.121695855269358,2.9190059907990733,56.756793448665626,1,1
-55.643487561653664,8.915219895241352,-57.0,10.0,-2.2252070013603884,1.7794604869145427,6.186055385812186,1,1
-56.212092239716235,9.338705251207584,-57.1,10.0,-1.4565109124674294,1.0847801047586483,2.5132556331624083,0,1
-56.51968213454249,9.59686691997571,-57.0,10.0,-0.7879077602837654,0.6612947487924163,0.8062949531018522,0,1
-57.29277486780768,9.754245318737764,-58.5,10.0,-1.9803178654575078,0.4031330800242898,3.1122016731217323,0,1
-57.06136285010338,9.85018504718426,-56.7,10.0,0.5927741048682265,0.24575468126223576,0.3137797671618217,0,1
-56.95932957882515,9.90867103742682,-56.8,10.0,0.26136361304283184,0.1498149528157402,0.06915699751194683,0,1
-57.05328476995408,9.944324787026085,-57.2,10.0,-0.240671184114305,0.09132896257317924,0.050493839002805456,0,1
-57.18863890131967,9.966059733381872,-57.4,10.0,-0.34671675592482387,0.05567521297391487,0.09396574385411212,0,1
-57.232112662697546,9.979309613083126,-57.3,10.0,-0.11136033574087634,0.03394026661812788,0.010327636202190826,0,1
-57.41477065745068,9.987386896055163,-57.7,10.0,-0.4678881002419075,0.02069038691687375,0.16714592773722894,0,1
-57.721315227432726,9.992310903040991,-58.2,10.0,-0.7852301054887718,0.012613103944836723,0.4699690961513562,0,1
-57.98626635202109,9.995312635787066,-58.4,10.0,-0.6786862984461806,0.007689096959008879,0.35104054410058194,0,1
-58.14778368314499,9.997142527479907,-58.4,10.0,-0.4137351738578161,0.004687364212934142,0.13045598378498477,0,1
-58.207206839737516,9.998258051042725,-58.3,10.0,-0.15221555391555341,0.0028574725200929407,0.017661779661192763,0,1
-58.36054806011738,9.998938087366225,-58.6,10.0,-0.39279163438357756,0.0017419489572745306,0.1175699615849354,0,1
-57.90748408604091,9.999352645531282,-57.2,10.0,1.1605472971779278,0.001061912633774753,1.026335682322181,0,1
-57.6312909427398,9.999605365079159,-57.2,10.0,0.7074833231014566,0.0006473544687182198,0.38141358136857156,0,1
-57.970424710709096,9.999759425896826,-58.5,10.0,-0.8687090572601974,0.0003946349208412414,0.5750586815589259,0,1
-57.94293233011946,9.9998533431887,-57.9,10.0,0.07042318483019017,0.00024057410317368522,0.0037791990547152345,0,1
-57.92617265058997,9.99991059627775,-57.9,10.0,0.042930804240555176,0.00014665681129955033,0.0014044506792380734,0,1
-57.79883809990732,9.999945498436238,-57.6,10.0,0.32617417646887503,8.940372224941484e-05,0.08107044507855737,0,1
-57.604097292553135,9.999966775203786,-57.3,10.0,0.4988388628467746,5.4501563761633065e-05,0.18961991250830273,0,1
-57.6415368760381,9.999979745772281,-57.7,10.0,-0.09590347038631819,3.3224796213815466e-05,0.007008612898818757,0,1
-54.58955003365014,9.999987652783847,-49.82371,10.0,7.817825480774431,2.0254227719007645e-05,46.57311843085889,1,1
-55.80383330500639,9.999992472991377,-57.7,10.0,-3.1104507292893118,1.2347216152619467e-05,7.37241931559436,1,1
-56.231764447160174,9.999995411446749,-56.9,10.0,-1.0961682208725136,7.527008623497977e-06,0.915625312168371,0,1
-56.64879070738747,9.999997202763808,-57.3,10.0,-1.068234789900373,4.58855325113916e-06,0.869554508611859,0,1
-56.82493689671349,9.99999829477182,-57.1,10.0,-0.4512077667336243,2.7972361920092226e-06,0.1551374000763535,0,1
-56.93231769168761,9.999998960472785,-57.1,10.0,-0.2750615774076053,1.7052281808815906e-06,0.05765317564858572,0,1
-57.11489594338427,9.999999366291947,-57.4,10.0,-0.46768383419129833,1.039527214530267e-06,0.16667408996386832,0,1
-57.42139190105837,9.999999613684095,-57.9,10.0,-0.7851055824946371,6.337080531437778e-07,0.46969886035313657,0,1
-57.33496341244324,9.999999764497266,-57.2,10.0,0.22139113811891775,3.863159054873222e-07,0.03734941822159724,0,1
-57.32131381083914,9.999999856434755,-57.3,10.0,0.034964175382690144,2.3550273375860797e-07,0.0009315581197948624,0,1
-57.4301090157978,9.999999912480932,-57.6,10.0,-0.2786846632819504,1.4356524502545653e-07,0.05918198310999211,0,1
-57.65258773314163,9.999999946647344,-58.0,10.0,-0.5698909842022033,8.751906754866923e-08,0.24748389835479773,0,1
-60.13054260298412,9.999999967475592,-64.0,10.0,-6.34741226685837,5.33526556267816e-08,30.701301684880573,1,1
-60.82131849253313,9.999999980172737,-61.9,10.0,-1.7694589228947848,3.252440805567858e-08,2.385856647911121,0,1
-62.25743235638631,9.999999987913066,-64.5,10.0,-3.6786815074668695,1.982726338667362e-08,10.312115149756544,1,1
-62.23501173981355,9.999999992631663,-62.2,10.0,0.05743159344685722,1.2086934120247861e-08,0.002513420237513325,0,1
-62.68981000914453,9.999999995508174,-63.4,10.0,-1.1649897860653553,7.368337051616436e-09,1.034207328932265,0,1
-62.26436044215769,9.99999999726173,-61.6,10.0,1.0898115350234363,4.4918255781567495e-09,0.905036670246444,0,1
-62.00500136718,9.999999998330718,-61.6,10.0,0.6643619680365944,2.7382700551470407e-09,0.3363356488664113,0,1
-62.12016505555115,9.999999998982386,-62.3,10.0,-0.29499786988054666,1.6692816018348822e-09,0.06631337559623127,0,1
-62.34652607551095,9.99999999937965,-62.7,10.0,-0.5798357073883054,1.0176144371598639e-09,0.2561965567862083,0,1
-62.52355664824872,9.999999999621828,-62.8,10.0,-0.4534731615495957,6.203499935963919e-10,0.15669911841931625,0,1
-62.20205014594623,9.999999999769463,-61.7,10.0,0.8235558853092684,3.781721602535981e-10,0.5168321551139006,0,1
-61.96701627554753,9.999999999859462,-61.6,10.0,0.6020516718251372,2.305373669742039e-10,0.2762046011729656,0,1
-62.29220299719065,9.999999999914326,-62.8,10.0,-0.832982961513018,1.4053824770599022e-10,0.5287320196650024,0,1
-62.568518597349296,9.999999999947772,-63.0,10.0,-0.7077970028093503,8.567369036427408e-11,0.3817515544551751,0,1
-62.89311972381128,9.99999999996816,-63.4,10.0,-0.8314829285296099,5.2228443792046164e-11,0.5268294565019446,0,1
-63.63754447992457,9.99999999998059,-64.8,10.0,-1.906883327946531,3.183941998941009e-11,2.770841087571672,0,1
-64.01327516538375,9.999999999988168,-64.6,10.0,-0.9624539941965224,1.9410251184126537e-11,0.7058677399780823,0,1
-64.12521034975329,9.999999999992786,-64.3,10.0,-0.28672788637406654,1.1832312907245068e-11,0.06264742749921295,0,1
-63.88113560468968,9.999999999995602,-63.5,10.0,0.6252103497532886,7.213785124804417e-12,0.2978624058893313,0,1
-63.69330653616339,9.99999999999732,-63.4,10.0,0.48113407881077563,4.39825953435502e-12,0.176398794917265,0,1
-63.110337578523016,9.999999999998366,-62.2,10.0,1.4933057732239376,2.680522470654978e-12,1.699264027861534,0,1
-62.325524907728415,9.999999999999003,-61.1,10.0,2.010339104401922,1.6342482922482304e-12,3.0796546411987773,0,1
-61.92517178381865,9.999999999999392,-61.3,10.0,1.025525670667868,9.965361869035405e-13,0.8014131191215496,0,1
-61.798227959716506,9.99999999999963,-61.6,10.0,0.3251733096975542,6.075140390748857e-13,0.08057367238837931,0,1
-61.64276505774302,9.999999999999774,-61.4,10.0,0.3982264338375998,3.694822225952521e-13,0.12084356945008451,0,1
-61.62606948800576,9.999999999999863,-61.6,10.0,0.0427665836219262,2.255973186038318e-13,0.0013937102442586813,0,1
-61.45973728398647,9.999999999999917,-61.2,10.0,0.4260687250663082,1.3677947663381929e-13,0.13833201046957594,0,1
-61.47545537334703,9.999999999999948,-61.5,10.0,-0.0402627160135296,8.348877145181177e-14,0.0012352916657331512,0,1
-61.71926963228055,9.999999999999968,-62.1,10.0,-0.624543100774062,5.1514348342607263e-14,0.2972269642965109,0,1
-62.18021343468595,9.99999999999998,-62.9,10.0,-1.180731893598356,3.197442310920451e-14,1.0623459448797528,0,1
-62.38313227581011,9.999999999999988,-62.7,10.0,-0.5197873282534999,1.9539925233402755e-14,0.20588028041586023,0,1
-62.27260017970293,9.999999999999993,-62.1,10.0,0.2831338016890186,1.2434497875801753e-14,0.06108672134924115,0,1
-62.51753026392321,9.999999999999996,-62.9,10.0,-0.6274013461759793,7.105427357601002e-15,0.2999537307807839,0,1
-61.57375437231815,9.999999999999998,-60.1,10.0,2.417531789802119,3.552713678800501e-15,4.453564667874688,0,1
-62.05246590175087,9.999999999999998,-62.8,10.0,-1.226244864742398,1.7763568394002505e-15,1.145823642059064,0,1
-61.64159562943476,9.999999999999998,-61.0,10.0,1.052465901750871,1.7763568394002505e-15,0.844071903365587,0,1
-61.547280141443345,9.999999999999998,-61.4,10.0,0.24159410355585464,1.7763568394002505e-15,0.04447705637529672,0,1
-61.80209457206224,9.999999999999998,-62.2,10.0,-0.6527206214961083,1.7763568394002505e-15,0.32465197025815556,0,1
-61.48896631327662,9.999999999999998,-61.0,10.0,0.8020945720622379,1.7763568394002505e-15,0.490246532250573,0,1
-61.53231195904635,9.999999999999998,-61.6,10.0,-0.11103216084447354,1.7763568394002505e-15,0.009394225035975657,0,1
-61.402581588294204,9.999999999999998,-61.2,10.0,0.3323111961069003,1.7763568394002505e-15,0.0841498454774505,0,1
-61.59676846396485,9.999999999999998,-61.9,10.0,-0.49741993758470215,1.7763568394002505e-15,0.18854271341363482,0,1
-61.83226323727508,9.999999999999998,-62.2,10.0,-0.6032322989746035,1.7763568394002505e-15,0.2772889412821886,0,1
-62.522366220124624,9.999999999999998,-63.6,10.0,-1.7677352368460149,1.7763568394002505e-15,2.381210634689194,0,1
-62.318440610036646,9.999999999999998,-62.0,10.0,0.5223662201246242,1.7763568394002505e-15,0.20792827224877602,0,1
-62.74066923262604,9.999999999999998,-63.4,10.0,-1.0815609158422603,1.7763568394002505e-15,0.8913850486686847,0,1
-62.2563266001329,9.999999999999998,-61.5,10.0,1.2406692326260398,1.7763568394002505e-15,1.172938928251931,0,1
-61.88298767918998,9.999999999999998,-61.3,10.0,0.9563273630723543,1.7763568394002505e-15,0.6969097494541253,0,1
-61.53827970566132,9.999999999999998,-61.0,10.0,0.8829876791899807,1.7763568394002505e-15,0.59411793507119,0,1
-61.757568086385284,9.999999999999998,-62.1,10.0,-0.5617187684597766,1.7763568394002505e-15,0.24043696960270203,0,1
-61.852210645540204,9.999999999999998,-62.0,10.0,-0.24243191361471617,1.7763568394002505e-15,0.0447860700169644,0,1
-61.87086764144508,9.999999999999998,-61.9,10.0,-0.04779088033870238,1.7763568394002505e-15,0.001740417480973122,0,1
-61.76512351391059,9.999999999999998,-61.6,10.0,0.2708691673239869,1.7763568394002505e-15,0.05590910254015176,0,1
-62.44239882809279,9.999999999999998,-63.5,10.0,-1.7348764860894121,1.7763568394002505e-15,2.2935092560030244,0,1
-62.58200180921409,9.999999999999998,-62.8,10.0,-0.35760040896775536,1.7763568394002505e-15,0.09744496168976549,0,1
-61.92536874081726,9.999999999999998,-60.9,10.0,1.682000283335185,1.7763568394002505e-15,2.15583493256116,0,1
-62.54008620879564,9.999999999999998,-63.5,10.0,-1.5746312591827376,1.7763568394002505e-15,1.889387827188744,0,1
-63.14905755520913,9.999999999999998,-64.1,10.0,-1.5599122653254511,1.7763568394002505e-15,1.854230503763283,0,1
-62.81759520397322,9.999999999999998,-62.3,10.0,0.849058318148586,1.7763568394002505e-15,0.5493364514342047,0,1
-63.083997986150685,9.999999999999998,-63.5,10.0,-0.6824047960267805,1.7763568394002505e-15,0.3548522117594661,0,1
-63.051206163264716,9.999999999999998,-63.0,10.0,0.08399798615068477,1.7763568394002505e-15,0.005376518240924044,0,1
-62.64082767799272,9.999999999999998,-62.0,10.0,1.051206163264716,1.7763568394002505e-15,0.8420525058707012,0,1
-62.2735399491008,9.999999999999998,-61.7,10.0,0.9408269150532647,1.7763568394002505e-15,0.6745013789729224,0,1
-62.40098550610352,9.999999999999998,-62.6,10.0,-0.3264585250202927,1.7763568394002505e-15,0.08121184999866138,0,1
-61.97117345478153,9.999999999999998,-61.3,10.0,1.10098626904297,1.7763568394002505e-15,0.9236919973080732,0,1
-61.67011673325469,9.999999999999998,-61.2,10.0,0.7711726918420752,1.7763568394002505e-15,0.4531757478824387,0,1
-61.13523902573955,9.999999999999998,-60.3,10.0,1.3701174961941405,1.7763568394002505e-15,1.4304708099832473,0,1
-58.22184420053192,6.096117967977923,-53.672424,0.0,7.462814709333301,-9.999999999999998,118.64082163745707,1,1
-59.15024757433605,7.620147459972404,-60.6,10.0,-2.3781542735891747,3.903882032022077,15.922993584799235,1,1
-59.59909706007581,8.549213816959988,-60.3,10.0,-1.1497516627244977,2.3798525400275956,5.32315078267516,0,1
-59.48233279836719,9.115583628187567,-59.3,10.0,0.29909782301526633,1.4507861830400124,1.6720432794116176,0,1
-60.34808421035565,9.460849346462037,-61.7,10.0,-2.2176679645722643,0.8844163718124332,4.343669617878022,0,1
-60.60258444411406,9.671327401352018,-61.0,10.0,-0.6519157896443488,0.5391506535379627,0.5453569028667652,0,1
-60.67965285041797,9.799637306580005,-60.8,10.0,-0.19741479294648911,0.32867259864798193,0.1120148551492009,0,1
-61.312216964864554,9.877856538452992,-62.3,10.0,-1.6203463866425736,0.20036269341999535,2.0312780356019537,0,1
-61.38552524654294,9.925539904939226,-61.5,10.0,-0.18778303513544614,0.12214346154700806,0.03823903801048904,0,1
-61.547331002975156,9.954608247660268,-61.8,10.0,-0.4144739905176067,0.07446009506077367,0.13513035681574964,0,1
-61.763085864004125,9.972328652296376,-62.1,10.0,-0.5526674711459378,0.04539175233973225,0.23432086399048893,0,1
-62.44115665267207,9.983131220006577,-63.5,10.0,-1.7369141359958746,0.027671347703623894,2.299483449569507,0,1
-62.26893429970472,9.989716592718423,-62.0,10.0,0.4411566526720705,0.01686877999342329,0.148519529976822,0,1
-62.085867583180544,9.993731113609874,-61.8,10.0,0.46893506264417084,0.010283407281576729,0.16764769538464813,0,1
-61.50580181150116,9.996178412903793,-60.6,10.0,1.4858691090594505,0.006268886390126127,1.6824114437391655,0,1
-61.03507071104869,9.997670315423662,-60.3,10.0,1.205802574440611,0.0038215870962066134,1.1079499735315932,0,1
-68.6782237785,6.09469776477737,-80.61341,0.0,-19.578340238658342,-9.997670315423662,368.2549177179439,1,1
-65.48554169222581,7.619281687347498,-60.5,10.0,8.178223778499998,3.9053022352226296,62.58787520487692,1,1
-63.57828325364318,8.5486860317545,-60.6,10.0,4.885543218104715,2.380718312652502,22.50713593473631,1,1
-62.61079011154217,9.115261884100127,-61.1,10.0,2.4782847795220846,1.4513139682455005,6.285255882368251,1,1
-61.74772432792514,9.460653207470784,-60.4,10.0,2.2107885856632663,0.8847381158998733,4.320888565551082,0,1
-62.04140387585918,9.671207832709138,-62.5,10.0,-0.7522756720748589,0.5393467925292157,0.6529046354200218,0,1
-61.8300461895558,9.799564416124777,-61.5,10.0,0.5414038758591815,0.328792167290862,0.3057374203282632,0,1
-61.66216182600628,9.87781210357161,-61.4,10.0,0.4300446636768953,0.20043558387522253,0.1715393005760251,0,1
-60.974235232685295,9.925512816911347,-59.9,10.0,1.762160300127377,0.12218789642838956,2.3775917792567087,0,1
-61.60891402334161,9.95459173447892,-62.6,10.0,-1.6257632414357985,0.0744871830886531,2.018313753779341,0,1
-61.48831733498275,9.972318585666223,-61.3,10.0,0.30891478628106483,0.04540826552108079,0.07428901248070263,0,1
-61.57095604807045,9.983125083270082,-61.7,10.0,-0.21168342795670014,0.027681414333777354,0.034729686456267166,0,1
-61.738449745559,9.989712851691461,-62.0,10.0,-0.42904395192955036,0.016874916729918255,0.14048768695580063,0,1
-61.25497357463399,9.993728833035707,-60.5,10.0,1.2384497455590022,0.010287148308538718,1.1688266797923341,0,1
-61.31159077593459,9.996177022638879,-61.4,10.0,-0.14502795124491286,0.0062711669642929735,0.016057505577228064,0,1
-61.307065575901206,9.997669467901769,-61.3,10.0,0.011591538874043295,0.0038229773611213602,0.00011352414102442415,0,1
-62.01134350541867,9.608191076937896,-63.11111,9.0,-1.8040451113546538,-0.997669467901769,3.238504095166112,0,1
-63.13904151969179,9.761148658410702,-64.9,10.0,-2.888658020460234,0.39180892306210424,6.475494165627701,1,1
-63.787461307783026,9.854393404486185,-64.8,10.0,-1.6609615320660254,0.23885134158929766,2.145714021294859,0,1
-64.37793976148167,9.911236501683215,-65.3,10.0,-1.5125417439747864,0.14560659551381505,1.7594797099064998,0,1
-64.62078474028037,9.945888724301046,-65.0,10.0,-0.6220602385183298,0.08876349831678532,0.30087230130050224,0,1
-65.08113765808119,9.96701312799414,-65.8,10.0,-1.1792183114774417,0.05411127569895413,1.0618552467955849,0,1
-65.28369479976703,9.979890813685769,-65.6,10.0,-0.5188608160399042,0.03298687200586059,0.2059761521835682,0,1
-65.32909957359418,9.98774120279884,-65.4,10.0,-0.11630672611187265,0.02010918631423131,0.0106161104776042,0,1
-65.31774063471505,9.992526892611622,-65.3,10.0,0.02909652183636524,0.01225879720115941,0.0007596415972201039,0,1
-65.4669689901156,9.995444305577308,-65.7,10.0,-0.3822563135271366,0.007473107388378253,0.11138806676983887,0,1
-65.51890213134942,9.997222794937322,-65.6,10.0,-0.13302948400549042,0.0045556944226916585,0.013501070914077982,0,1
-65.78479351312653,9.998306983031664,-66.2,10.0,-0.6810948168927666,0.0027772050626779787,0.3534970118358072,0,1
-65.82976936221942,9.998967916883924,-65.9,10.0,-0.11520801275237602,0.00169301696833557,0.010116319175920572,0,1
-65.85718717039745,9.999370829957163,-65.9,10.0,-0.07023216365948315,0.0010320831160761657,0.0037594927211589105,0,1
-66.06909549130623,9.999616450519696,-66.4,10.0,-0.542814355481454,0.0006291700428366909,0.2245259839991732,0,1
-66.08115965124091,9.99976618371215,-66.1,10.0,-0.030902982814865254,0.00038354948030416836,0.0007278318747927806,0,1
-65.93235822848955,9.999857462832644,-65.7,10.0,0.3811627029987221,0.0002338162878494643,0.11070935872354562,0,1
-66.50530885829914,9.999913107661298,-67.4,10.0,-1.4676432973893583,0.00014253716735623811,1.641362136477791,0,1
-66.54227456728178,9.999947029405275,-66.6,10.0,-0.09468961582194879,8.689233870207147e-05,0.006832323956368959,0,1
-66.4867328502844,9.999967708500572,-66.4,10.0,0.14227304140287345,5.297059472475496e-05,0.015424413773210745,0,1
-66.9213386168608,9.999980314721013,-67.6,10.0,-1.1132656238366962,3.22914994281831e-05,0.9444108625018529,0,1
-67.18627941912212,9.999987999621705,-67.6,10.0,-0.6786598572602998,1.968527898732475e-05,0.3509681438096348,0,1
-66.68413170356018,9.999992684427825,-65.9,10.0,1.2862778932432093,1.2000378294629854e-05,1.260761641330099,0,1
-66.76840473562076,9.999995540340901,-66.9,10.0,-0.21586982231872298,7.3155721747042435e-06,0.03550971970420404,0,1
-67.01497267171793,9.999997281339203,-67.4,10.0,-0.6315967902581434,4.459659098898783e-06,0.30397873557121674,0,1
-67.12624516963974,9.999998342672306,-67.3,10.0,-0.2850303800398848,2.7186607969298393e-06,0.06190784397443152,0,1
-67.07696054470112,9.999998989673486,-67.0,10.0,0.12624516963974486,1.6573276937492665e-06,0.01214487127879423,0,1
-66.81268372970159,9.999999384093039,-66.4,10.0,0.6769590188222168,1.0103265140060103e-06,0.34921117473226904,0,1
-66.65157746565772,9.999999624535851,-66.4,10.0,0.4126822038226834,6.159069609878998e-07,0.12977614157114611,0,1
-66.55336518655857,9.999999771112625,-66.4,10.0,0.2515759397788173,3.754641486608534e-07,0.0482282588293632,0,1
-66.18118206869731,9.999999860467556,-65.6,10.0,0.9533667124374716,2.2888737483128807e-07,0.6926013661046837,0,1
-61.29791060548872,6.0961178829173,-53.672424,0.0,12.50875775229106,-9.999999860467556,195.43317339014536,1,1
-63.05547438623794,7.620147408118445,-65.8,10.0,-4.502092446269096,3.9038821170827003,27.058482185431664,1,1
-64.04882657291138,8.549213785349203,-65.6,10.0,-2.544524087883154,2.379852591881555,9.249564500347944,1,1
-64.6543857842824,9.115583608917259,-65.6,10.0,-1.5511719012097132,1.4507862146507975,3.4373836776239712,0,1
-65.17969770015974,9.46084933471463,-66.0,10.0,-1.3456142157176032,0.8844163910827412,1.9758051518655537,0,1
-65.30473993947591,9.67132739419066,-65.5,10.0,-0.3203022998402645,0.5391506652853693,0.299682875669995,0,1
-65.38096716366107,9.799637302214355,-65.5,10.0,-0.19526006052409173,0.32867260580933966,0.11137011102011506,0,1
-65.81782438196369,9.87785653579164,-66.5,10.0,-1.1190328363389312,0.20036269778564453,0.9848123884226275,0,1
-65.88894359415613,9.925539903316835,-66.0,10.0,-0.182175618036311,0.12214346420836009,0.03665822940708563,0,1
-65.89326048025252,9.954608246671238,-65.9,10.0,-0.011057931722774583,0.07446009668316478,0.0043180204546933105,0,1
-66.0130067788476,9.972328651693452,-66.2,10.0,-0.3067364679896656,0.04539175332876155,0.07326594390686307,0,1
-65.69561733189182,9.983131219639027,-65.2,10.0,0.8130098306054094,0.027671348306547827,0.5042637825655636,0,1
-65.54117418390918,9.98971659249436,-65.3,10.0,0.3956142801340121,0.016868780360972835,0.11948026547217518,0,1
-65.60317671750475,9.993731113473283,-65.7,10.0,-0.15882276433301,0.010283407505639275,0.019302152754800874,0,1
-65.60193596878086,9.996178412820527,-65.6,10.0,0.0031782433836582413,0.00626888652671731,3.764365745421645e-05,0,1
-65.75733547068793,9.997670315372902,-66.0,10.0,-0.3980640312191355,0.0038215871794733403,0.12075615483094959,0,1
-66.04726294186808,9.998579796768503,-66.5,10.0,-0.7426645293120657,0.0023296846270977056,0.42029382850662983,0,1
-66.69247080098765,9.99913422735623,-67.7,10.0,-1.6527340063741036,0.0014202032314969415,2.0814674443146917,0,1
-67.08579712329359,9.999472214783014,-67.7,10.0,-1.0075261472545378,0.0008657726437704127,0.7735285502710914,0,1
-67.13037938776128,9.99967825590555,-67.2,10.0,-0.11419982494859937,0.0005277852169864872,0.009938103790056305,0,1
-67.11851903747365,9.999803861004473,-67.1,10.0,0.03038091364018669,0.0003217440944496275,0.0007034184279312676,0,1
-66.87705650178795,9.999880431354514,-66.5,10.0,0.6185190374736464,0.00019613899552695102,0.29152081001392194,0,1
-66.88601396851524,9.999927109543185,-66.9,10.0,-0.022945024090958555,0.00011956864548601231,0.0004011919451199812,0,1
-66.96955099517183,9.999955565117652,-67.1,10.0,-0.21398450560585047,7.289045681524442e-05,0.03489217816170994,0,1
-66.86432027512508,9.99997291197153,-66.7,10.0,0.2695540469296418,4.443488234784354e-05,0.05536752371235027,0,1
-66.68305571289378,9.999983486818293,-66.4,10.0,0.4643187492461749,2.7088028469179903e-05,0.16428420816368028,0,1
-66.57255469741618,9.999989933369628,-66.4,10.0,0.2830541870148693,1.6513181707367153e-05,0.061052372315690176,0,1
-66.89558017802511,9.999993863263372,-67.4,10.0,-0.8274468284627261,1.0066630371952101e-05,0.5217273056903678,0,1
-67.05346209703549,9.999996258972958,-67.3,10.0,-0.4044228737326989,6.136736628192807e-06,0.1246335017807006,0,1
-66.68124114646727,9.999997719425783,-66.1,10.0,0.9534636229143985,3.741027041925804e-06,0.692742180220208,0,1
-66.76664261791761,9.999998609735053,-66.9,10.0,-0.21876037941163418,2.2805742165843412e-06,0.03646705663338035,0,1
-66.81870436237763,9.999999152478088,-66.9,10.0,-0.1333589079612949,1.3902649467212314e-06,0.01355212618257418,0,1
-67.04563591756343,9.999999483340645,-67.4,10.0,-0.5812971635012758,8.475219122061617e-07,0.2574896536957829,0,1
-67.10589664297456,9.999999685038363,-67.2,10.0,-0.15436103067875706,5.166593552985432e-07,0.018156775135575915,0,1
-67.45494404600078,9.999999807995671,-68.0,10.0,-0.8941033570254433,3.149616372155606e-07,0.6091704477968343,0,1
-67.0821451557239,9.999999882951895,-66.5,10.0,0.9549440460007759,1.920043288805573e-07,0.6948950629584282,0,1
-66.58161200350668,9.999999928646094,-65.8,10.0,1.2821421039660805,1.1704810454205017e-07,1.2526671823425248,0,1
-66.31551931386177,9.999999956501817,-65.9,10.0,0.6816104776277712,7.135390589496637e-08,0.3540265974123001,0,1
-66.19234429584768,9.999999973482995,-66.0,10.0,0.31551931386177046,4.349818283344575e-08,0.07586042531385837,0,1
-65.76590537322839,9.99999998383492,-65.1,10.0,1.0923458217265818,2.651700548028657e-08,0.9092507736234586,0,1
-65.50594317538594,9.999999990145577,-65.1,10.0,0.6659068991072985,1.616507994128824e-08,0.33790172153539094,0,1
-60.88627701046942,6.096117961970552,-53.672424,0.0,11.833518858979687,-9.999999990145577,182.90805182591217,1,1
-63.15588469089738,7.6201474563102405,-66.7,10.0,-5.813719937772767,3.9038820380294483,37.36892461337437,1,1
-64.14907610378694,8.549213814727489,-65.7,10.0,-2.544112257344807,2.3798525436897595,9.247967404901154,1,1
-64.75453730556268,9.11558362682661,-65.7,10.0,-1.5509208444552485,1.450786185272511,3.4367901545645516,0,1
-65.04555714739834,9.460849345632383,-65.5,10.0,-0.7454626944373217,0.8844163731733907,1.0195048246226053,0,1
-65.3791221530496,9.671327400846252,-65.9,10.0,-0.8544443784805651,0.5391506543676172,0.7778331236086697,0,1
-65.54342909085842,9.799637306271682,-65.8,10.0,-0.4208808987082193,0.328672599153748,0.21730100821199239,0,1
-65.4483984368413,9.877856538265034,-65.3,10.0,0.243426039100612,0.2003626937283176,0.07574536728275535,0,1
-65.35142542603434,9.925539904824644,-65.2,10.0,0.24840148859911437,0.12214346173496615,0.058387341357126914,0,1
-65.21423308540523,9.954608247590416,-65.0,10.0,0.35142542603433924,0.07446009517535579,0.09833353439221915,0,1
-65.75521954556582,9.972328652253793,-66.6,10.0,-1.3857653887158676,0.04539175240958393,1.464901814092631,0,1
-66.0459730489525,9.983131219980619,-66.5,10.0,-0.7447804544341778,0.02767134774620672,0.4232714760056106,0,1
-66.14514336530712,9.989716592702598,-66.3,10.0,-0.2540300028053082,0.01686878001938119,0.04939059389881006,0,1
-66.24463698468416,9.993731113600226,-66.4,10.0,-0.2548581605717857,0.010283407297402292,0.04957548337390318,0,1
-66.14913359179651,9.996178412897914,-66.0,10.0,0.2446369846841634,0.006268886399773521,0.04563443663453269,0,1
-66.6764959016613,9.997670315420077,-67.5,10.0,-1.350866408203487,0.0038215871020863545,1.3905661581952546,0,1
-66.9199057376712,9.99857979679726,-67.3,10.0,-0.6235071500965148,0.002329684579922997,0.2962458771137277,0,1
-66.75597949122745,9.99913422737376,-66.5,10.0,0.41990573767120054,0.0014202032027395006,0.13436060833201838,0,1
-66.18758346511815,9.9994722147937,-65.3,10.0,1.4559764394696373,0.0008657726262395471,1.615370783661697,0,1
-65.91915899161913,9.999678255912064,-65.5,10.0,0.687583465118152,0.0005277852062999244,0.36025870213085115,0,1
-61.1381782466686,6.095921828986368,-53.672424,0.0,12.246734675212878,-9.999678255912064,190.48545562175678,1,1
-62.68482612667394,7.62002789132934,-65.1,10.0,-3.961820227452492,3.904078171013632,23.575094769978058,1,1
-63.7838367967835,8.549140926504649,-65.5,10.0,-2.81517387332606,2.3799721086706596,10.355377425736682,1,1
-64.45380666608894,9.115539193306118,-65.5,10.0,-1.716163203216503,1.4508590734953515,3.8483331120642577,0,1
-64.8231899772815,9.460822258434117,-65.4,10.0,-0.9461948597899692,0.8844608066938822,1.2783221282588701,0,1
-65.16548507523001,9.671310888170646,-65.7,10.0,-0.8768069709606863,0.5391777415658829,0.8073569866397173,0,1
-65.17895810332438,9.799627239949837,-65.2,10.0,-0.034511873012178285,0.32868911182935356,0.08323304309976323,0,1
-65.38236552179039,9.877850401716486,-65.7,10.0,-0.5210388449178112,0.20037276005016302,0.23746720461890639,0,1
-65.50636508364346,9.925536163912259,-65.7,10.0,-0.317631426451797,0.12214959828351368,0.08824911627972687,0,1
-64.84021998679034,9.954605967086096,-63.8,10.0,1.7063658465829121,0.07446383608774099,2.2229717175900703,0,1
-64.31701391425158,9.972327262031456,-63.5,10.0,1.3402199867903448,0.045394032913904425,1.3702931931799207,0,1
-63.9199833817927,9.983130372484682,-63.3,10.0,1.0170146771910282,0.02767273796854397,0.7887497545002264,0,1
-63.59987094703385,9.989716076059077,-63.1,10.0,0.8199849076716035,0.01686962751531773,0.5125767118940291,0,1
-63.28761046738509,9.993730798648242,-62.8,10.0,0.7998717099733028,0.010283923940923145,0.4876136257396924,0,1
-63.44860277388459,9.996178220899468,-63.7,10.0,-0.4123902955543599,0.006269201351758014,0.1296225631385139,0,1
-63.66386174623847,9.99767019837556,-64.0,10.0,-0.5513972261154123,0.0038217791005319413,0.23169325587818212,0,1
-63.834124379787056,9.998579725445543,-64.1,10.0,-0.4361367278826265,0.0023298016244392983,0.14495095811196015,0,1
-63.976956714387235,9.999134183876912,-64.2,10.0,-0.3658725684551314,0.001420274554456924,0.10200691615744292,0,1
-64.18114664285459,9.999472188277508,-64.5,10.0,-0.5230432856127649,0.0008658161230883366,0.20846820567237423,0,1
-63.83715709035037,9.99967823974748,-63.3,10.0,0.8811474057940387,0.0005278117224918333,0.5916442734463133,0,1
-63.7445731642867,9.999803851154324,-63.6,10.0,0.23715861622927292,0.0003217602525200647,0.042858995717941134,0,1
-63.49293880916333,9.999880425349748,-63.1,10.0,0.6445746901656051,0.0001961488456760918,0.316599272709809,0,1
-63.33953953780052,9.999927105882609,-63.1,10.0,0.39294033504223336,0.00011957465025247416,0.11765669316856724,0,1
-63.05083143075646,9.999955562886122,-62.6,10.0,0.7395410636794253,7.289411739108687e-05,0.4167618594138279,0,1
-62.95290950135424,9.999972910611165,-62.8,10.0,0.2508321936959135,4.443711387835947e-05,0.04794352279398046,0,1
-62.81513719954245,9.999983485988999,-62.6,10.0,0.35291102723314793,2.708938883522194e-05,0.09490603629179331,0,1
-62.574995191332796,9.99998993286408,-62.2,10.0,0.6151364366029952,1.6514011001333984e-05,0.2883409207426338,0,1
-62.62379589182258,9.999993862955183,-62.7,10.0,-0.12500557160665693,1.006713591955588e-05,0.011907541918697903,0,1
-62.536429211415054,9.999996258785082,-62.4,10.0,0.2237943659436752,6.137044817222659e-06,0.03816468425585627,0,1
-62.912595880228864,9.999997719311251,-63.5,10.0,-0.9635707885849456,3.741214918306923e-06,0.707506813643063,0,1
-63.376143845336095,9.999998609665234,-64.1,10.0,-1.1874025938922301,2.2806887489679184e-06,1.0743835797792243,0,1
-63.619689928611976,9.999999152435525,-64.0,10.0,-0.6238561546639048,1.390334766426804e-06,0.296573473396583,0,1
-63.729120269405755,9.999999483314697,-63.9,10.0,-0.28031159726693033,8.475644754923906e-07,0.059874997431759114,0,1
-63.52255825599713,9.999999685022544,-63.2,10.0,0.5291195064663015,5.166853025428964e-07,0.2133393269173144,0,1
-63.31855767736993,9.999999807986027,-63.0,10.0,0.5225582559971329,3.1497745567321545e-07,0.2080811804012375,0,1
-63.077080354967116,9.999999882946017,-62.7,10.0,0.6185569144304779,1.920139727218384e-07,0.2915564861741956,0,1
-62.77371705360521,9.999999928642511,-62.3,10.0,0.7770811179065689,1.1705398250683174e-07,0.4601464630659901,0,1
-63.369561101996695,9.999999956499632,-64.3,10.0,-1.526285998152602,7.135748880671144e-08,1.7751506500177587,0,1
-63.38144468438078,9.999999973481662,-63.4,10.0,-0.030440423882211576,4.3500367752358216e-08,0.00070609765139873,0,1
-63.15445524094133,9.999999983834108,-62.8,10.0,0.5814454473202346,2.651833774791612e-08,0.2576210371647574,0,1
-63.01607979847208,9.999999990145081,-62.8,10.0,0.35445600388078446,1.6165891736363847e-08,0.09573881539280953,0,1
-62.97076421020361,9.999999993992326,-62.9,10.0,0.11607827259317105,9.854918658902534e-09,0.010267512700584881,0,1
-63.021215742286515,9.999999996337651,-63.1,10.0,-0.12923426391748194,6.007674357988435e-09,0.012726785447562325,0,1
-57.86906573349894,9.99999999776739,-49.82371,10.0,13.197504347022843,3.662348646571445e-09,132.72324856524884,1,1
-60.340586595019325,9.999999998638975,-64.2,10.0,-6.330931214743245,2.232610540886526e-09,30.54207684465232,1,1
-61.6911004804808,9.999999999170303,-63.8,10.0,-3.4594126420412223,1.3610250704232385e-09,9.119438774121242,1,1
-62.514389676797336,9.999999999494207,-63.8,10.0,-2.108898756579748,8.296971998333902e-10,3.3890255038576513,0,1
-59.0625907069781,6.096117967669587,-53.672424,0.0,8.841965360391086,-9.999999999494207,135.7760552322413,1,1
-60.83394117238879,7.620147459784439,-63.6,10.0,-4.537407767142994,3.9038820323304133,27.30174182073269,1,1
-61.95281702621432,8.549213816845402,-63.7,10.0,-2.8660595905506625,2.379852540215561,10.575237360481657,1,1
-62.986245435212865,9.115583628117715,-64.6,10.0,-2.6471814479067746,1.450786183154598,6.943745198229482,1,1
-63.46007970751835,9.460849346419456,-64.2,10.0,-1.2137515130293224,0.8844163718822848,1.7186366692283936,0,1
-63.358547955653464,9.67132740132606,-63.2,10.0,0.26007894457889336,0.5391506535805437,0.27304854117009625,0,1
-63.101458900365984,9.799637306564179,-62.7,10.0,0.6585471927140105,0.32867259867393983,0.4127910706541222,0,1
-63.02281231791814,9.877856538443345,-62.9,10.0,0.20145737448707735,0.20036269343582092,0.061517665832460725,0,1
-62.974868433480104,9.925539904933345,-62.9,10.0,0.12281079203923184,0.12214346155665545,0.022861597474137182,0,1
-62.78948539897636,9.954608247656681,-62.5,10.0,0.4748684334801041,0.07446009506665519,0.17605919015249022,0,1
-62.55935755109861,9.97232865229419,-62.2,10.0,0.5894846360369073,0.045391752343318714,0.266364195546822,0,1
-62.653301226496836,9.983131220005244,-62.8,10.0,-0.2406416859619398,0.02767134770581059,0.04471054808240114,0,1
-57.64478070446041,9.98971659271761,-49.82371,10.0,12.829589831233164,0.016868779994755556,125.4266059339691,1,1
-60.242900998533024,9.993731113609378,-64.3,10.0,-6.6552223472974035,0.0102834072823903,33.75122589424972,1,1
-61.31923992376632,9.996178412903491,-63.0,10.0,-2.757099001466976,0.006268886390621731,5.79255735623098,0,1
-61.936350605306096,9.997670315423479,-62.9,10.0,-1.580761602112588,0.003821587096508594,1.904139095218081,0,1
-62.46870294445586,9.998579796799335,-63.3,10.0,-1.363648631754451,0.0023296845765212737,1.416999200773018,0,1
-63.14457969980876,9.999134227375025,-64.2,10.0,-1.7312940037863243,0.0014202032006647158,2.2840484790981295,0,1
-63.088137490580905,9.999472214794471,-63.0,10.0,0.14457969980875873,0.000865772624974781,0.01592918609008381,0,1
-63.13180759248128,9.999678255912535,-63.2,10.0,-0.11186327235854776,0.0005277852055289856,0.00953560126465631,0,1
-63.19746762640221,9.999803861008731,-63.3,10.0,-0.1681916445792666,0.0003217440874649924,0.02155627915568554,0,1
-63.54980502237775,9.999880431357111,-64.1,10.0,-0.9025308477188858,0.00019613899126902368,0.6207082323292172,0,1
-63.53036172918125,9.999927109544767,-63.5,10.0,0.049805022377746866,0.00011956864288897862,0.0018902191458902299,0,1
-63.557547092915165,9.999955565118617,-63.6,10.0,-0.06963674493984229,7.289045523251048e-05,0.0036952240553248424,0,1
-63.73027548831361,9.999972911972119,-64.0,10.0,-0.4424529070848351,4.443488138328178e-05,0.14917549438916936,0,1
-63.32806838947015,9.999983486818651,-62.7,10.0,1.0302747253741558,2.708802788120579e-05,0.808852752359519,0,1
-63.31711052349556,9.999989933369847,-63.3,10.0,0.02806915240959995,1.651318134854307e-05,0.0006003743413757871,0,1
-63.07619815289352,9.999993863263505,-62.7,10.0,0.6171097605561044,1.006663015346021e-05,0.29019385162269884,0,1
-63.00741306826299,9.999996258973038,-62.9,10.0,0.1761966270146118,6.136736494966044e-06,0.02365693936683876,0,1
-63.1606749708296,9.999997719425831,-63.4,10.0,-0.3925884576159149,3.7410269619897463e-06,0.1174460539023392,0,1
-63.683531662471175,9.999998609735083,-64.5,10.0,-1.3393250291704035,2.2805741686227066e-06,1.3668955999758445,0,1
-63.22149486332613,9.999999152478106,-62.5,10.0,1.1835316624711751,1.390264916523165e-06,1.0673900188224599,0,1
-63.21310382009673,9.999999483340655,-63.2,10.0,0.02149410038667554,8.475218944425933e-07,0.00035204803293582756,0,1
-63.01279443955554,9.999999685038368,-62.7,10.0,0.5131030571572737,5.166593446404022e-07,0.20061923966417508,0,1
-62.89068347816838,9.999999807995673,-62.7,10.0,0.3127936766160886,3.1496163188649007e-07,0.07455543445456678,0,1
-57.7894917254298,9.999999882951897,-49.82371,10.0,13.066972082904705,1.9200432710420046e-07,130.11078649104033,1,1
-60.56535087027881,9.999999928646096,-64.9,10.0,-7.110509800449108,1.1704810276569333e-07,38.52696996020953,1,1
-61.94523559729579,9.999999956501819,-64.1,10.0,-3.5346476038422807,7.135390411860953e-08,9.52040929927358,1,1
-62.70835315583625,9.999999973482996,-63.9,10.0,-1.9547659285831145,4.3498181057088914e-08,2.911742040763739,0,1
-63.29067329577133,9.999999983834922,-64.2,10.0,-1.491643792405938,2.651700370392973e-08,1.695483726870061,0,1
-63.2552758085993,9.999999990145577,-63.2,10.0,0.09067253283187426,1.61650781649314e-08,0.006264910490469833,0,1
-63.272735307477326,9.999999993992628,-63.3,10.0,-0.04472342846124633,9.854423055344341e-09,0.0015241705053594529,0,1
-63.32241853780746,9.999999996337834,-63.4,10.0,-0.12726621840158003,6.007372377325737e-09,0.012342116880185045,0,1
-63.86020889822723,9.999999997767501,-64.7,10.0,-1.3775784104347295,3.6621656818169868e-09,1.446092358802116,0,1
-63.99285814454215,9.999999998639042,-64.2,10.0,-0.3397880500149597,2.2324986304056438e-09,0.08797911273958417,0,1
-64.15180211762788,9.999999999170344,-64.4,10.0,-0.4071433813367591,1.3609575688633413e-09,0.12631593290138407,0,1
-64.20965801401576,9.999999999494232,-64.3,10.0,-0.14820093412993174,8.29656343626084e-10,0.016736523734221347,0,1
-64.24492765096811,9.999999999691678,-64.3,10.0,-0.09034503774205405,5.057678720277181e-10,0.006219736453755017,0,1
-64.03219462227403,9.999999999812044,-63.7,10.0,0.5449268880286553,3.0832225661470147e-10,0.22627670748677556,0,1
-64.0977026708019,9.99999999988542,-64.2,10.0,-0.1678023259681538,1.879563171769405e-10,0.021456522109641454,0,1
-64.13763714996968,9.99999999993015,-64.2,10.0,-0.10229427744029351,1.1458034521183436e-10,0.00797381313201099,0,1
-64.12294345493424,9.999999999957419,-64.1,10.0,0.0376386758485836,6.984990363889665e-11,0.0010795233689724056,0,1
-63.957831617348894,9.999999999974042,-63.7,10.0,0.4229426919947912,4.2581049797263404e-11,0.136309594554057,0,1
-64.40372008432131,9.999999999984176,-65.1,10.0,-1.1421668567721994,2.595790249415586e-11,0.9940826248950392,0,1
-64.44130662760757,9.999999999990354,-64.5,10.0,-0.09627991567869287,1.582378672537743e-11,0.007063741181051349,0,1
-58.73476988971568,9.99999999999412,-49.82371,10.0,14.617595232343902,9.64561763794336e-12,162.82280770454915,1,1
-60.82929183655083,9.999999999996415,-64.1,10.0,-5.365228584405415,5.879741138414829e-12,21.935110928870607,1,1
-62.06709889935832,9.999999999997815,-64.0,10.0,-3.17070816344917,3.5846881019097054e-12,7.660831623680564,1,1
-62.665524810039386,9.999999999998668,-63.6,10.0,-1.532899574762773,2.184918912462308e-12,1.7905678528723217,0,1
-63.06937201854794,9.999999999999188,-63.7,10.0,-1.0344759529000669,1.3322676295501878e-12,0.8154628391007357,0,1
-63.58883408104271,9.999999999999504,-64.4,10.0,-1.3306295073309684,8.117950756059145e-13,1.3492041718566299,0,1
-70.23502805507844,6.096117967977622,-80.61341,0.0,-17.02457686866432,-9.999999999999504,297.0609463022606,1,1
